"Variable / Field Name","Form Name","Section Header","Field Type","Field Label","Choices, Calculations, OR Slider Labels","Field Note","Text Validation Type OR Show Slider Number","Text Validation Min","Text Validation Max",Identifier?,"Branching Logic (Show field only if...)","Required Field?","Custom Alignment","Question Number (surveys only)","Matrix Group Name","Matrix Ranking?","Field Annotation"
participant_id_r8,r8_feedback_questionnaire,,text,"Participant ID:",,,,,,y,,,LH,,,,
session_id_r8,r8_feedback_questionnaire,,text,"Session ID:",,,,,,y,,,LH,,,,
session_dt_r8,r8_feedback_questionnaire,,text,"Session Date:",,,date_mdy,,,,,,LH,,,,
r8_fdbck_r_txt,r8_feedback_questionnaire,"<div class=""rich-text-field-label""><h5 style=""text-align: center;"">Feedback Questionnaire</h5></div>",descriptive,"<div class=""rich-text-field-label""><p dir=""ltr"">Thank you so much for your participation in our study. We appreciate your dedication in answering all of our questions and we'd like to get a sense of how you have felt about the study so far. Please select the response that best describes your answer.</p></div>",,,,,,,,,,,,,
r8_fdbck_r_pos_exp,r8_feedback_questionnaire,"About the study overall:",radio,"Participating in the study was a positive experience.","1, Strongly Agree | 2, Agree | 3, Neither Agree nor Disagree | 4, Disagree | 5, Strongly Disagree",,,,,,,,,,r8_fdbck_r_study_overall,,
r8_fdbck_r_cont,r8_feedback_questionnaire,,radio,"I would like to continue as a participant in this study.","1, Strongly Agree | 2, Agree | 3, Neither Agree nor Disagree | 4, Disagree | 5, Strongly Disagree",,,,,,,,,,r8_fdbck_r_study_overall,,
r8_fdbck_r_learn,r8_feedback_questionnaire,,radio,"I learned something about myself during this study.","1, Strongly Agree | 2, Agree | 3, Neither Agree nor Disagree | 4, Disagree | 5, Strongly Disagree",,,,,,,,,,r8_fdbck_r_study_overall,,
r8_fdbck_r_consent,r8_feedback_questionnaire,,radio,"The consent form was clearly explained.","1, Strongly Agree | 2, Agree | 3, Neither Agree nor Disagree | 4, Disagree | 5, Strongly Disagree",,,,,,,,,,r8_fdbck_r_study_overall,,
r8_fdbck_r_instruction,r8_feedback_questionnaire,"Remote visit:",radio,"The instructions for using the tablet were clear.","1, Strongly Agree | 2, Agree | 3, Neither Agree nor Disagree | 4, Disagree | 5, Strongly Disagree",,,,,,,,,,r8_fdbck_r_remote_visit,,
r8_fdbck_r_complete,r8_feedback_questionnaire,,radio,"Using the tablet to complete the tests was straightforward.","1, Strongly Agree | 2, Agree | 3, Neither Agree nor Disagree | 4, Disagree | 5, Strongly Disagree",,,,,,,,,,r8_fdbck_r_remote_visit,,
r8_fdbck_r_comfortable,r8_feedback_questionnaire,,radio,"I felt equally comfortable doing these tests on my own with a tablet and with the test administrator via Zoom.","1, Strongly Agree | 2, Agree | 3, Neither Agree nor Disagree | 4, Disagree | 5, Strongly Disagree",,,,,,,,,,r8_fdbck_r_remote_visit,,
r8_fdbck_r_interest,r8_feedback_questionnaire,,radio,"The memory and thinking tests on the tablet were interesting.","1, Strongly Agree | 2, Agree | 3, Neither Agree nor Disagree | 4, Disagree | 5, Strongly Disagree",,,,,,,,,,r8_fdbck_r_remote_visit,,
r8_fdbck_r_applic,r8_feedback_questionnaire,,radio,"The memory and thinking tests on the tablet were applicable to tasks I do in my daily life.","1, Strongly Agree | 2, Agree | 3, Neither Agree nor Disagree | 4, Disagree | 5, Strongly Disagree",,,,,,,,,,r8_fdbck_r_remote_visit,,
r8_fdbck_r_reason,r8_feedback_questionnaire,,radio,"The time it took to complete the tests on the tablet and via zoom was reasonable.","1, Strongly Agree | 2, Agree | 3, Neither Agree nor Disagree | 4, Disagree | 5, Strongly Disagree",,,,,,,,,,r8_fdbck_r_remote_visit,,
r8_fdbck_r_understood,r8_feedback_questionnaire,,radio,"I understood the remote memory and thinking test instructions.","1, Strongly Agree | 2, Agree | 3, Neither Agree nor Disagree | 4, Disagree | 5, Strongly Disagree",,,,,,,,,,r8_fdbck_r_remote_visit,,
r8_fdbck_r_frustrate,r8_feedback_questionnaire,,radio,"At times I felt frustrated by the remote memory and thinking tests.","1, Strongly Agree | 2, Agree | 3, Neither Agree nor Disagree | 4, Disagree | 5, Strongly Disagree",,,,,,,,,,r8_fdbck_r_remote_visit,,
r8_fdbck_r_visit_length,r8_feedback_questionnaire,,radio,"Overall, the length of the entire visit was reasonable.","1, Strongly Agree | 2, Agree | 3, Neither Agree nor Disagree | 4, Disagree | 5, Strongly Disagree",,,,,,,,,,r8_fdbck_r_remote_visit,,
r8_fdbck_r_qstn_number,r8_feedback_questionnaire,Questionnaires:,radio,"I found the number of questionnaires to be reasonable.","1, Strongly Agree | 2, Agree | 3, Neither Agree nor Disagree | 4, Disagree | 5, Strongly Disagree",,,,,,,,,,r8_fdbck_r_qstn,,
r8_fdbck_r_qstn_length,r8_feedback_questionnaire,,radio,"I found the length of questionnaires to be reasonable.","1, Strongly Agree | 2, Agree | 3, Neither Agree nor Disagree | 4, Disagree | 5, Strongly Disagree",,,,,,,,,,r8_fdbck_r_qstn,,
r8_fdbck_r_qstn_enjoy,r8_feedback_questionnaire,,radio,"I enjoyed answering the questionnaire questions.","1, Strongly Agree | 2, Agree | 3, Neither Agree nor Disagree | 4, Disagree | 5, Strongly Disagree",,,,,,,,,,r8_fdbck_r_qstn,,
r8_fdbck_r_qstn_direct,r8_feedback_questionnaire,,radio,"I understood the directions on the various questionnaires.","1, Strongly Agree | 2, Agree | 3, Neither Agree nor Disagree | 4, Disagree | 5, Strongly Disagree",,,,,,,,,,r8_fdbck_r_qstn,,
r8_fdbck_r_qstn_response,r8_feedback_questionnaire,,radio,"I understood the response options on the various questionnaires.","1, Strongly Agree | 2, Agree | 3, Neither Agree nor Disagree | 4, Disagree | 5, Strongly Disagree",,,,,,,,,,r8_fdbck_r_qstn,,
r8_fdbck_r_change,r8_feedback_questionnaire," ",notes,"If there were things about the study you could change, what would they be?",,,,,,y,,,LH,,,,
r8_fdbck_r_concerns,r8_feedback_questionnaire," ",notes,"If you have any remaining questions and/or concerns or would like to elaborate on any of your answers given above, please write them below. ",,,,,,y,,,LH,,,,
