﻿"Variable / Field Name","Form Name","Section Header","Field Type","Field Label","Choices, Calculations, OR Slider Labels","Field Note","Text Validation Type OR Show Slider Number","Text Validation Min","Text Validation Max",Identifier?,"Branching Logic (Show field only if...)","Required Field?","Custom Alignment","Question Number (surveys only)","Matrix Group Name","Matrix Ranking?","Field Annotation"
participant_id_p2,p2_physical_exam,,text,"Participant ID:",,,,,,y,,,LH,,,,
session_id_p2,p2_physical_exam,,text,"Session ID:",,,,,,y,,,LH,,,,
session_dt_p2,p2_physical_exam,,text,"Session Date:",,,date_mdy,,,,,,LH,,,,
p2_phys_txt_1,p2_physical_exam,"<div class=""rich-text-field-label""><h5>Blood Draw</h5></div>",descriptive,"<div class=""rich-text-field-label""><p>Hello! Thank you for participating in the physical exam. It will involve very few steps, including a blood draw, and measures of your height, weight and blood pressure. Let's begin.</p></div>",,,,,,,,,,,,,
p2_phys_eat_morn,p2_physical_exam,,yesno,"Have you eaten this morning? (Excluding medications)",,,,,,,,,LH,,,,
p2_phys_eat_night,p2_physical_exam,,yesno,"Have you eaten since midnight last night? (Excluding medications)",,,,,,,,,LH,,,,
p2_phys_blood,p2_physical_exam,,radio,"Was entire blood protocol completed?","0, No | 1, Yes | 2, Partial {p2_phys_blood_oth}",,,,,,,,LV,,,,
p2_phys_blood_oth,p2_physical_exam,,text,,,,,,,y,,,LH,,,,
p2_phys_blood_a,p2_physical_exam,,radio,Why?,"1, Refused | 2, Physically Unwell | 3, Other {p2_phys_blood_a_oth}",,,,,,,,LV,,,,
p2_phys_blood_a_oth,p2_physical_exam,,text,,,,,,,y,,,LH,,,,
p2_phys_txt_2,p2_physical_exam,"<div class=""rich-text-field-label""><h5>Physical Exam</h5></div>",descriptive,"<div class=""rich-text-field-label""><p>Blood Pressure</p> <p>1st Collection: {p2_phys_bp_systolic_1} / {p2_phys_bp_diastolic_1} mmHg</p> <p>Arm: {p2_phys_bp_arm_1}</p> <p>2nd Collection: {p2_phys_bp_systolic_2} / {p2_phys_bp_diastolic_2} mmHg</p> <p>Arm: {p2_phys_bp_arm_2}</p></div>",,,,,,,,,,,,,
p2_phys_bp_systolic_1,p2_physical_exam,,text,"<div class=""rich-text-field-label""></div>",,,number,0,500,y,,,LH,,,,
p2_phys_bp_diastolic_1,p2_physical_exam,,text,"<div class=""rich-text-field-label""></div>",,,number,0,500,y,,,LH,,,,
p2_phys_bp_arm_1,p2_physical_exam,,radio,,"1, Right | 2, Left",,,,,y,,,LH,,,,
p2_phys_bp_systolic_2,p2_physical_exam,,text,"<div class=""rich-text-field-label""></div>",,,number,0,500,y,,,LH,,,,
p2_phys_bp_diastolic_2,p2_physical_exam,,text,"<div class=""rich-text-field-label""></div>",,,number,0,500,y,,,LH,,,,
p2_phys_bp_arm_2,p2_physical_exam,,radio,,"1, Right | 2, Left",,,,,y,,,LH,,,,
p2_phys_txt_3,p2_physical_exam,,descriptive,"<div class=""rich-text-field-label""><p>Height: {p2_phys_height} cm<br>Weight: {p2_phys_weight_lb} lb <strong>→ [p2_phys_weight_kg] kg</strong></p></div>",,,,,,,,,,,,,
p2_phys_height,p2_physical_exam,,text,"<div class=""rich-text-field-label""></div>",,,number,0,300,y,,,LH,,,,
p2_phys_weight_lb,p2_physical_exam,,text,"<div class=""rich-text-field-label""></div>",,,number,0,1500,y,,,LH,,,,
p2_phys_weight_kg,p2_physical_exam,,calc,"<div class=""rich-text-field-label""></div>","round([p2_phys_weight_lb] * 0.454, 1)",,,,,y,,,LH,,,," @HIDDEN"
