﻿Variable / Field Name,Form Name,Section Header,Field Type,Field Label,"Choices, Calculations, OR Slider Labels",Field Note,Text Validation Type OR Show Slider Number,Text Validation Min,Text Validation Max,Identifier?,Branching Logic (Show field only if...),Required Field?,Custom Alignment,Question Number (surveys only),Matrix Group Name,Matrix Ranking?,Field Annotation
record_id,r7_participant_surveys_and_digital_measures,,text,record_id,,,,,,y,,,,,,,
participant_id_r7,r7_participant_surveys_and_digital_measures,,text,Participant ID:,,,,,,y,,,LH,,,, @HIDDEN-SURVEY
session_id_r7,r7_participant_surveys_and_digital_measures,,text,Session ID:,,,,,,y,,,LH,,,, @HIDDEN-SURVEY
session_dt_r7,r7_participant_surveys_and_digital_measures,,text,Session Date:,,,date_mdy,,,y,,,LH,,,, @HIDDEN-SURVEY
r7_adwell_txt,r7_participant_surveys_and_digital_measures,"<div class=""rich-text-field-label""><h5 style=""text-align: center;"">Adult Wellbeing Scale</h5></div>",descriptive,"<div class=""rich-text-field-label""><p>This form has been designed so that you can show how you have been feeling in the past few days. Read<br>each item in turn and choose the response which shows best how you are feeling or have been feeling in the<br>last few days.<br>Please complete all of the questionnaire.</p></div>",,,,,,,,,,,,,
r7_adwell_q1,r7_participant_surveys_and_digital_measures,,radio,"<div class=""rich-text-field-label""><p>I feel cheerful</p></div>","0, Yes, definitely | 1, Yes, sometimes | 2, No, not much | 3, No, not at all",,,,,,,,LV,,,,
r7_adwell_q2,r7_participant_surveys_and_digital_measures,,radio,"<div class=""rich-text-field-label""><p>I can sit down and relax quite easily</p></div>","0, Yes, definitely | 1, Yes, sometimes | 2, No, not much | 3, No, not at all",,,,,,,,LV,,,,
r7_adwell_q3,r7_participant_surveys_and_digital_measures,,radio,"<div class=""rich-text-field-label""><p>My appetite is</p></div>","3, Very poor | 2, Fairly poor | 1, Quite good | 0, Very good",,,,,,,,LV,,,,
r7_adwell_q4,r7_participant_surveys_and_digital_measures,,radio,"<div class=""rich-text-field-label""><p>I lose my temper and shout and snap at others</p></div>","3, Yes, definitely | 2, Yes, sometimes | 1, No, not much | 0, No, not at all",,,,,,,,LV,,,,
r7_adwell_q5,r7_participant_surveys_and_digital_measures,,radio,"<div class=""rich-text-field-label""><p>I can laugh and feel amused</p></div>","0, Yes, definitely | 1, Yes, sometimes | 2, No, not much | 3, No, not at all",,,,,,,,LV,,,,
r7_adwell_q6,r7_participant_surveys_and_digital_measures,,radio,"<div class=""rich-text-field-label""><p>I feel I might lose control and hit or hurt someone</p></div>","3, Sometimes | 2, Occasionally | 1, Rarely | 0, Never",,,,,,,,LV,,,,
r7_adwell_q7,r7_participant_surveys_and_digital_measures,,radio,"<div class=""rich-text-field-label""><p>I have an uncomfortable feeling like butterflies in the stomach</p></div>","3, Yes, definitely | 2, Yes, sometimes | 1, Not very often | 0, Not at all",,,,,,,,LV,,,,
r7_adwell_q8,r7_participant_surveys_and_digital_measures,,radio,"<div class=""rich-text-field-label""><p>The thought of hurting myself occurs to me</p></div>","3, Sometimes | 2, Not very often | 1, Hardly ever | 0, Not at all",,,,,,,,LV,,,,
r7_adwell_q9,r7_participant_surveys_and_digital_measures,,radio,"<div class=""rich-text-field-label""><p>I'm awake before I need to get up</p></div>","3, For 2 hours | 2, For about 1 hour | 1, For less than 1 hour | 0, Not at all. I sleep until it's time to get up",,,,,,,,LV,,,,
r7_adwell_q10,r7_participant_surveys_and_digital_measures,,radio,"<div class=""rich-text-field-label""><p>I feel tense or 'wound up'</p></div>","3, Yes, definitely | 2, Yes, sometimes | 1, No, not much | 0, No, not at all",,,,,,,,LV,,,,
r7_adwell_q11,r7_participant_surveys_and_digital_measures,,radio,"<div class=""rich-text-field-label""><p>I feel like harming myself</p></div>","3, Yes, definitely | 2, Yes, sometimes | 1, No, not much | 0, No, not at all",,,,,,,,LV,,,,
r7_adwell_q12,r7_participant_surveys_and_digital_measures,,radio,"<div class=""rich-text-field-label""><p>I've kept up my old interests</p></div>","0, Yes, most of them | 1, Yes, some of them | 2, No, not many of them | 3, No, none of them",,,,,,,,LV,,,,
r7_adwell_q13,r7_participant_surveys_and_digital_measures,,radio,"<div class=""rich-text-field-label""><p>I am patient with other people</p></div>","0, All the time | 1, Most of the time | 2, Some of the time | 3, Hardly ever",,,,,,,,LV,,,,
r7_adwell_q14,r7_participant_surveys_and_digital_measures,,radio,"<div class=""rich-text-field-label""><p>I get scared or panicky for no very good reason</p></div>","3, Yes, definitely | 2, Yes, sometimes | 1, No, not much | 0, No, not at all",,,,,,,,LV,,,,
r7_adwell_q15,r7_participant_surveys_and_digital_measures,,radio,"<div class=""rich-text-field-label""><p>I get angry with myself or call myself names</p></div>","3, Yes, definitely | 2, Yes, sometimes | 1, Not often | 0, No, not at all",,,,,,,,LV,,,,
r7_adwell_q16,r7_participant_surveys_and_digital_measures,,radio,"<div class=""rich-text-field-label""><p>People upset me so that I feel like slamming doors or banging about</p></div>","3, Yes, often | 2, Yes, sometimes | 1, Only occasionally | 0, Not at all",,,,,,,,LV,,,,
r7_adwell_q17,r7_participant_surveys_and_digital_measures,,radio,"<div class=""rich-text-field-label""><p>I can go out on my own without feeling anxious</p></div>","0, Yes, always | 1, Yes, sometimes | 2, No, not often | 3, No, I never can",,,,,,,,LV,,,,
r7_adwell_q18,r7_participant_surveys_and_digital_measures,,radio,"<div class=""rich-text-field-label""><p>Lately I have been getting annoyed with myself</p></div>","3, Very much so | 2, Rather a lot | 1, Not much | 0, Not at all",,,,,,,,LV,,,,
r7_adwell_dprssn_sc,r7_participant_surveys_and_digital_measures,,calc,"<div class=""rich-text-field-label""><p>Depression Sub-Scale Score:</p></div>","sum([r7_adwell_q1], [r7_adwell_q3], [r7_adwell_q5], [r7_adwell_q9], [r7_adwell_q12])",,,,,,,,LV,,,, @HIDDEN-SURVEY
r7_adwell_anxiety_sc,r7_participant_surveys_and_digital_measures,,calc,Anxiety Sub-Scale Score:,"sum([r7_adwell_q2], [r7_adwell_q7], [r7_adwell_q10], [r7_adwell_q14], [r7_adwell_q17])",,,,,,,,LV,,,, @HIDDEN-SURVEY
r7_adwell_out_irr_sc,r7_participant_surveys_and_digital_measures,,calc,Outward Directed Irritability Sub-Scale Score:,"sum([r7_adwell_q4], [r7_adwell_q6], [r7_adwell_q13], [r7_adwell_q16])",,,,,,,,LV,,,, @HIDDEN-SURVEY
r7_adwell_in_irr_sc,r7_participant_surveys_and_digital_measures,,calc,Inward Directed Irritability Sub-Scale Score:,"sum([r7_adwell_q8], [r7_adwell_q11], [r7_adwell_q15], [r7_adwell_q18])",,,,,,,,LV,,,, @HIDDEN-SURVEY
r7_adwell_sc_tot,r7_participant_surveys_and_digital_measures,,calc,"<div class=""rich-text-field-label""><p>Adult Wellbeing Total Score:</p></div>","sum([r7_adwell_q1], [r7_adwell_q2], [r7_adwell_q3], [r7_adwell_q4], [r7_adwell_q5], [r7_adwell_q6], [r7_adwell_q7], [r7_adwell_q8], [r7_adwell_q9], [r7_adwell_q10], [r7_adwell_q11], [r7_adwell_q12], [r7_adwell_q13], [r7_adwell_q14], [r7_adwell_q15], [r7_adwell_q16], [r7_adwell_q17], [r7_adwell_q18])",,,,,,,,LV,,,, @HIDDEN-SURVEY
r7_pss_txt,r7_participant_surveys_and_digital_measures,"<div class=""rich-text-field-label""><h5 style=""text-align: center;"">Perceived Stress Scale (PSS-10)</h5></div>",radio,"<div class=""rich-text-field-label""><p>The questions in this scale ask you about your feelings and thoughts during the last month. In each case, you will be asked to indicate how often you felt or thought a certain way.</p> <p>In the last month, how often have you...</p></div>",,,,,,,,,LH,,,,
r7_pss_q1,r7_participant_surveys_and_digital_measures,,radio,"<div class=""rich-text-field-label""><p>been upset because of something that happened unexpectedly?</p></div>","0, Never | 1, Almost Never | 2, Sometimes | 3, Fairly Often | 4, Very Often",,,,,,,,LH,,,,
r7_pss_q2,r7_participant_surveys_and_digital_measures,,radio,"<div class=""rich-text-field-label""><p>felt that you were unable to control the important things in your life?</p></div>","0, Never | 1, Almost Never | 2, Sometimes | 3, Fairly Often | 4, Very Often",,,,,,,,LH,,,,
r7_pss_q3,r7_participant_surveys_and_digital_measures,,radio,"<div class=""rich-text-field-label""><p>felt nervous and ""stressed""?</p></div>","0, Never | 1, Almost Never | 2, Sometimes | 3, Fairly Often | 4, Very Often",,,,,,,,LH,,,,
r7_pss_q4,r7_participant_surveys_and_digital_measures,,radio,"<div class=""rich-text-field-label""><p>felt confident about your ability to handle your personal problems?</p></div>","4, Never | 3, Almost Never | 2, Sometimes | 1, Fairly Often | 0, Very Often",,,,,,,,LH,,,,
r7_pss_q5,r7_participant_surveys_and_digital_measures,,radio,"<div class=""rich-text-field-label""><p>felt that things were going your way?</p></div>","4, Never | 3, Almost Never | 2, Sometimes | 1, Fairly Often | 0, Very Often",,,,,,,,LH,,,,
r7_pss_q6,r7_participant_surveys_and_digital_measures,,radio,"<div class=""rich-text-field-label""><p>found that you could not cope with all the things that you had to do?</p></div>","0, Never | 1, Almost Never | 2, Sometimes | 3, Fairly Often | 4, Very Often",,,,,,,,LH,,,,
r7_pss_q7,r7_participant_surveys_and_digital_measures,,radio,"<div class=""rich-text-field-label""><p>been able to control irritations in your life?</p></div>","4, Never | 3, Almost Never | 2, Sometimes | 1, Fairly Often | 0, Very Often",,,,,,,,LH,,,,
r7_pss_q8,r7_participant_surveys_and_digital_measures,,radio,"<div class=""rich-text-field-label""><p>felt that you were on top of things?</p></div>","4, Never | 3, Almost Never | 2, Sometimes | 1, Fairly Often | 0, Very Often",,,,,,,,LH,,,,
r7_pss_q9,r7_participant_surveys_and_digital_measures,,radio,"<div class=""rich-text-field-label""><p>been angered because of things that were outside of your control?</p></div>","0, Never | 1, Almost Never | 2, Sometimes | 3, Fairly Often | 4, Very Often",,,,,,,,LH,,,,
r7_pss_q10,r7_participant_surveys_and_digital_measures,,radio,"<div class=""rich-text-field-label""><p>felt difficulties were piling up so high that you could not overcome them?</p></div>","0, Never | 1, Almost Never | 2, Sometimes | 3, Fairly Often | 4, Very Often",,,,,,,,LH,,,,
r7_pss_sc_tot,r7_participant_surveys_and_digital_measures,,calc,"<div class=""rich-text-field-label""></div>","sum([r7_pss_q1], [r7_pss_q2], [r7_pss_q3], [r7_pss_q4], [r7_pss_q5], [r7_pss_q6], [r7_pss_q7], [r7_pss_q8], [r7_pss_q9], [r7_pss_q10])",,,,,,,,LH,,,, @HIDDEN-SURVEY
r7_beck_txt,r7_participant_surveys_and_digital_measures,"<div class=""rich-text-field-label""><h5 style=""text-align: center;"">Beck Anxiety Inventory (BAI)</h5></div>",descriptive,"<div class=""rich-text-field-label""><p>Below is a list of common symptoms of anxiety. Please carefully read each item in the list. Indicate how much you have been bothered by that symptom during the past month, including today, by selecting the bubble corresponding to one of the four answer choices for each symptom</p></div>",,,,,,,,,,,,,
r7_beck_numb,r7_participant_surveys_and_digital_measures,,radio,Numbness or tingling,"0, Not at all | 1, Mildly, but it didn't bother me much | 2, Moderately - it wasn't pleasant at times | 3, Severely - it bothered me a lot",,,,,,,,,,beck,,
r7_beck_hot,r7_participant_surveys_and_digital_measures,,radio,Feeling hot,"0, Not at all | 1, Mildly, but it didn't bother me much | 2, Moderately - it wasn't pleasant at times | 3, Severely - it bothered me a lot",,,,,,,,,,beck,,
r7_beck_wobble,r7_participant_surveys_and_digital_measures,,radio,Wobbliness in legs,"0, Not at all | 1, Mildly, but it didn't bother me much | 2, Moderately - it wasn't pleasant at times | 3, Severely - it bothered me a lot",,,,,,,,,,beck,,
r7_beck_relax,r7_participant_surveys_and_digital_measures,,radio,Unable to relax,"0, Not at all | 1, Mildly, but it didn't bother me much | 2, Moderately - it wasn't pleasant at times | 3, Severely - it bothered me a lot",,,,,,,,,,beck,,
r7_beck_fear_worst,r7_participant_surveys_and_digital_measures,,radio,Fear of worst happening,"0, Not at all | 1, Mildly, but it didn't bother me much | 2, Moderately - it wasn't pleasant at times | 3, Severely - it bothered me a lot",,,,,,,,,,beck,,
r7_beck_dizzy,r7_participant_surveys_and_digital_measures,,radio,Dizzy or lightheaded,"0, Not at all | 1, Mildly, but it didn't bother me much | 2, Moderately - it wasn't pleasant at times | 3, Severely - it bothered me a lot",,,,,,,,,,beck,,
r7_beck_heart,r7_participant_surveys_and_digital_measures,,radio,Heart pounding / racing,"0, Not at all | 1, Mildly, but it didn't bother me much | 2, Moderately - it wasn't pleasant at times | 3, Severely - it bothered me a lot",,,,,,,,,,beck,,
r7_beck_unsteady,r7_participant_surveys_and_digital_measures,,radio,Unsteady,"0, Not at all | 1, Mildly, but it didn't bother me much | 2, Moderately - it wasn't pleasant at times | 3, Severely - it bothered me a lot",,,,,,,,,,beck,,
r7_beck_afraid,r7_participant_surveys_and_digital_measures,,radio,Terrified or afraid,"0, Not at all | 1, Mildly, but it didn't bother me much | 2, Moderately - it wasn't pleasant at times | 3, Severely - it bothered me a lot",,,,,,,,,,beck,,
r7_beck_nervous,r7_participant_surveys_and_digital_measures,,radio,Nervous,"0, Not at all | 1, Mildly, but it didn't bother me much | 2, Moderately - it wasn't pleasant at times | 3, Severely - it bothered me a lot",,,,,,,,,,beck,,
r7_beck_choking,r7_participant_surveys_and_digital_measures,,radio,Feeling of choking,"0, Not at all | 1, Mildly, but it didn't bother me much | 2, Moderately - it wasn't pleasant at times | 3, Severely - it bothered me a lot",,,,,,,,,,beck,,
r7_beck_trembling,r7_participant_surveys_and_digital_measures,,radio,Hands trembling,"0, Not at all | 1, Mildly, but it didn't bother me much | 2, Moderately - it wasn't pleasant at times | 3, Severely - it bothered me a lot",,,,,,,,,,beck,,
r7_beck_shaky,r7_participant_surveys_and_digital_measures,,radio,Shaky / unsteady,"0, Not at all | 1, Mildly, but it didn't bother me much | 2, Moderately - it wasn't pleasant at times | 3, Severely - it bothered me a lot",,,,,,,,,,beck,,
r7_beck_fear_control,r7_participant_surveys_and_digital_measures,,radio,Fear of losing control,"0, Not at all | 1, Mildly, but it didn't bother me much | 2, Moderately - it wasn't pleasant at times | 3, Severely - it bothered me a lot",,,,,,,,,,beck,,
r7_beck_breathing,r7_participant_surveys_and_digital_measures,,radio,Difficulty in breathing,"0, Not at all | 1, Mildly, but it didn't bother me much | 2, Moderately - it wasn't pleasant at times | 3, Severely - it bothered me a lot",,,,,,,,,,beck,,
r7_beck_fear_dying,r7_participant_surveys_and_digital_measures,,radio,Fear of dying,"0, Not at all | 1, Mildly, but it didn't bother me much | 2, Moderately - it wasn't pleasant at times | 3, Severely - it bothered me a lot",,,,,,,,,,beck,,
r7_beck_scared,r7_participant_surveys_and_digital_measures,,radio,Scared,"0, Not at all | 1, Mildly, but it didn't bother me much | 2, Moderately - it wasn't pleasant at times | 3, Severely - it bothered me a lot",,,,,,,,,,beck,,
r7_beck_indigestion,r7_participant_surveys_and_digital_measures,,radio,Indigestion,"0, Not at all | 1, Mildly, but it didn't bother me much | 2, Moderately - it wasn't pleasant at times | 3, Severely - it bothered me a lot",,,,,,,,,,beck,,
r7_beck_faint,r7_participant_surveys_and_digital_measures,,radio,Faint / lightheaded,"0, Not at all | 1, Mildly, but it didn't bother me much | 2, Moderately - it wasn't pleasant at times | 3, Severely - it bothered me a lot",,,,,,,,,,beck,,
r7_beck_flushed,r7_participant_surveys_and_digital_measures,,radio,Face flushed,"0, Not at all | 1, Mildly, but it didn't bother me much | 2, Moderately - it wasn't pleasant at times | 3, Severely - it bothered me a lot",,,,,,,,,,beck,,
r7_beck_sweats,r7_participant_surveys_and_digital_measures,,radio,Hot / cold sweats,"0, Not at all | 1, Mildly, but it didn't bother me much | 2, Moderately - it wasn't pleasant at times | 3, Severely - it bothered me a lot",,,,,,,,,,beck,,
r7_beck_sc_tot,r7_participant_surveys_and_digital_measures,,calc,BAI Total Score:,"sum([r7_beck_numb], [r7_beck_hot], [r7_beck_wobble], [r7_beck_relax], [r7_beck_fear_worst], [r7_beck_dizzy], [r7_beck_heart], [r7_beck_unsteady], [r7_beck_afraid], [r7_beck_nervous], [r7_beck_choking], [r7_beck_trembling], [r7_beck_shaky], [r7_beck_fear_control], [r7_beck_breathing], [r7_beck_fear_dying], [r7_beck_scared], [r7_beck_indigestion], [r7_beck_faint], [r7_beck_flushed], [r7_beck_sweats])",,,,,,,,LH,,,, @HIDDEN-SURVEY
r7_gds_txt,r7_participant_surveys_and_digital_measures,"<div class=""rich-text-field-label""><h5 style=""text-align: center;"">GDS - 15</h5></div>",descriptive,"<div class=""rich-text-field-label""><p><span style=""text-decoration: underline;""><em>Instructions:</em></span> <span style=""font-weight: normal;"">Choose the best answer for how you felt over the past week.</span></p></div>",,,,,,,,,,,,,
r7_gds_q1,r7_participant_surveys_and_digital_measures,,radio,Are you basically satisfied with your life?,"0, Yes | 1, No",,,,,,,,LH,,,,
r7_gds_q2,r7_participant_surveys_and_digital_measures,,yesno,Have you dropped many of your activities and interests?,,,,,,,,,LH,,,,
r7_gds_q3,r7_participant_surveys_and_digital_measures,,yesno,Do you feel that your life is empty?,,,,,,,,,LH,,,,
r7_gds_q4,r7_participant_surveys_and_digital_measures,,yesno,Do you often get bored?,,,,,,,,,LH,,,,
r7_gds_q5,r7_participant_surveys_and_digital_measures,,radio,Are you in good spirits most of the time?,"0, Yes | 1, No",,,,,,,,LH,,,,
r7_gds_q6,r7_participant_surveys_and_digital_measures,,yesno,Are you afraid that something bad is going to happen to you?,,,,,,,,,LH,,,,
r7_gds_q7,r7_participant_surveys_and_digital_measures,,radio,Do you feel happy most of the time?,"0, Yes | 1, No",,,,,,,,LH,,,,
r7_gds_q8,r7_participant_surveys_and_digital_measures,,yesno,Do you often feel helpless?,,,,,,,,,LH,,,,
r7_gds_q9,r7_participant_surveys_and_digital_measures,,yesno,"Do you prefer to stay at home, rather than going out and doing new things?",,,,,,,,,LH,,,,
r7_gds_q10,r7_participant_surveys_and_digital_measures,,yesno,Do you feel you have more problems with memory than most people?,,,,,,,,,LH,,,,
r7_gds_q11,r7_participant_surveys_and_digital_measures,,radio,Do you think it is wonderful to be alive?,"0, Yes | 1, No",,,,,,,,LH,,,,
r7_gds_q12,r7_participant_surveys_and_digital_measures,,yesno,Do you feel pretty worthless the way you are now?,,,,,,,,,LH,,,,
r7_gds_q13,r7_participant_surveys_and_digital_measures,,radio,Do you feel full of energy?,"0, Yes | 1, No",,,,,,,,LH,,,,
r7_gds_q14,r7_participant_surveys_and_digital_measures,,yesno,Do you feel that your situation is hopeless?,,,,,,,,,LH,,,,
r7_gds_q15,r7_participant_surveys_and_digital_measures,,yesno,Do you think that most people are better off than you are?,,,,,,,,,LH,,,,
r7_gds_sc_tot,r7_participant_surveys_and_digital_measures,,calc,GDS-15 Total Score:,"sum([r7_gds_q1], [r7_gds_q2], [r7_gds_q3], [r7_gds_q4], [r7_gds_q5], [r7_gds_q6], [r7_gds_q7], [r7_gds_q8], [r7_gds_q9], [r7_gds_q10], [r7_gds_q11], [r7_gds_q12], [r7_gds_q13], [r7_gds_q14], [r7_gds_q15])",,,,,,,,LH,,,, @HIDDEN-SURVEY
r7_mdpq_intro_txt,r7_participant_surveys_and_digital_measures,"<div class=""rich-text-field-label""><h5 style=""text-align: center;""><em>Mobile Device Proficiency Questionnaire</em><br><em>(MDPQ-16)</em></h5></div>",descriptive,"<div class=""rich-text-field-label""><p style=""text-align: left;"">About the MDPQ</p> <p style=""text-align: left;""><span style=""font-weight: normal;"">This questionnaire asks about your ability to perform a </span><span style=""font-weight: normal;"">number of tasks with a </span>mobile device<span style=""font-weight: normal;"">.</span></p> <p style=""text-align: left;"">What is a Mobile Device?<span style=""font-weight: normal;""><br></span></p> <p style=""text-align: left;""><span style=""font-weight: normal;"">A mobile device is a device that allows you to perform many of the same tasks as a standard computer but without the use of a physical keyboard and mouse. Instead, these devices use a touchscreen as their interface between the user and computer programs (called Apps-short for applications).</span></p> <p style=""text-align: left;""><span style=""font-weight: normal;""><img src=""https://redcap.einsteinmed.org/redcap_v14.0.31/DataEntry/image_view.php?pid=2684&id=163305&doc_id_hash=faa62c7881fce9bfc167c16df9754306fd1086c0"" alt=""A group of mobile devices"" width=""468"" height=""292""></span></p> <p style=""text-align: left;""><span style=""font-weight: normal;""><em>Mobile devices come in many sizes. Depicted above are two different smartphones, as well as a tablet. These are the types of devices we are interested in.</em></span></p> <p><span style=""font-weight: normal;"">Please answer each question by selecting the answer choice that is most </span><span style=""font-weight: normal;"">appropriate.</span></p> <p><span style=""font-weight: normal;"">If you have not tried to perform a task with a mobile device or do not know </span><span style=""font-weight: normal;"">what a task is, please mark ""NEVER TRIED,"" regardless of whether or not </span><span style=""font-weight: normal;"">you think you may be able to perform the task. </span>Remember, you are rating your ability to perform each of these tasks specifically using a mobile device (tablet or smartphone).</p></div>",,,,,,,,,,,,,
r7_mdpq_q1_txt,r7_participant_surveys_and_digital_measures, ,descriptive,"<div class=""rich-text-field-label""><p> </p> <p>Using a mobile device I can:</p> <table style=""border-collapse: collapse; width: 100.052%; height: 161.849px;"" border=""1""><colgroup><col style=""width: 19.9862%;""><col style=""width: 15.0251%;""><col style=""width: 16.7261%;""><col style=""width: 16.4426%;""><col style=""width: 15.3086%;""><col style=""width: 16.4426%;""></colgroup> <tbody> <tr style=""height: 24.3229px;""> <td> </td> <td style=""text-align: center;""> <p style=""text-align: center;"">Never tried</p> <p style=""text-align: center;"">(1)</p> </td> <td style=""text-align: center;""> <p style=""text-align: center;"">Not at all</p> <p style=""text-align: center;"">(2)</p> </td> <td style=""text-align: center;""> <p style=""text-align: center;"">Not very easily</p> <p style=""text-align: center;"">(3)</p> </td> <td style=""text-align: center;""> <p style=""text-align: center;"">Somewhat easily</p> <p style=""text-align: center;"">(4)</p> </td> <td style=""text-align: center;""> <p style=""text-align: center;"">Very easily</p> <p style=""text-align: center;"">(5)</p> </td> </tr> <tr style=""height: 77.6476px;""> <td>Navigate onscreen menus using the touchscreen</td> <td colspan=""5"">{r7_mdpq_q1_a}</td> </tr> <tr style=""height: 59.8785px;""> <td> <div data-kind=""field-label""> <div data-mlm-field=""r7_mdpq_q1_b"" data-mlm-type=""label"">Use the onscreen keyboard to type</div> </div> <label id=""label-r7_mdpq_q1_b"" class=""fl""></label></td> <td colspan=""5"">{r7_mdpq_q1_b}</td> </tr> </tbody> </table> <p> </p></div>",,,,,,,,,,,,,
r7_mdpq_q1_a,r7_participant_surveys_and_digital_measures,,radio,a. Navigate onscreen menus using the touchscreen,"1, 1 | 2, 2 | 3, 3 | 4, 4 | 5, 5",,,,,,,,,,r7_mdpq_q1,,
r7_mdpq_q1_b,r7_participant_surveys_and_digital_measures,,radio,b. Use the onscreen keyboard to type,"1, 1 | 2, 2 | 3, 3 | 4, 4 | 5, 5",,,,,,,,,,r7_mdpq_q1,,
r7_mdpq_q1_sc,r7_participant_surveys_and_digital_measures,,calc,Sub-Scale 1 Score:,sum(([r7_mdpq_q1_a] + [r7_mdpq_q1_b])/2),,,,,,,,LH,,,, @HIDDEN-SURVEY
r7_mdpq_q2_txt,r7_participant_surveys_and_digital_measures, ,descriptive,"<div class=""rich-text-field-label""><p> </p> <p>Using a mobile device I can:</p> <table style=""border-collapse: collapse; width: 100.052%; height: 161.849px;"" border=""1""><colgroup><col style=""width: 19.9862%;""><col style=""width: 15.0251%;""><col style=""width: 16.7261%;""><col style=""width: 16.4426%;""><col style=""width: 15.3086%;""><col style=""width: 16.4426%;""></colgroup> <tbody> <tr style=""height: 24.3229px;""> <td> </td> <td style=""text-align: center;""> <p style=""text-align: center;"">Never tried</p> <p style=""text-align: center;"">(1)</p> </td> <td style=""text-align: center;""> <p style=""text-align: center;"">Not at all</p> <p style=""text-align: center;"">(2)</p> </td> <td style=""text-align: center;""> <p style=""text-align: center;"">Not very easily</p> <p style=""text-align: center;"">(3)</p> </td> <td style=""text-align: center;""> <p style=""text-align: center;"">Somewhat easily</p> <p style=""text-align: center;"">(4)</p> </td> <td style=""text-align: center;""> <p style=""text-align: center;"">Very easily</p> <p style=""text-align: center;"">(5)</p> </td> </tr> <tr style=""height: 77.6476px;""> <td>Send emails</td> <td colspan=""5"">{r7_mdpq_q2_a}</td> </tr> <tr style=""height: 59.8785px;""> <td> <div data-kind=""field-label""> <div data-mlm-field=""r7_mdpq_q1_b"" data-mlm-type=""label"">Send pictures by email</div> </div> <label id=""label-r7_mdpq_q1_b"" class=""fl""></label></td> <td colspan=""5"">{r7_mdpq_q2_b}</td> </tr> </tbody> </table> <p> </p></div>",,,,,,,,,,,,,
r7_mdpq_q2_a,r7_participant_surveys_and_digital_measures,,radio,a. Send emails,"1, 1 | 2, 2 | 3, 3 | 4, 4 | 5, 5",,,,,,,,,,r7_mdpq_q2,,
r7_mdpq_q2_b,r7_participant_surveys_and_digital_measures,,radio,b. Send pictures by email,"1, 1 | 2, 2 | 3, 3 | 4, 4 | 5, 5",,,,,,,,,,r7_mdpq_q2,,
r7_mdpq_q2_sc,r7_participant_surveys_and_digital_measures,,calc,Sub-Scale 2 Score:,sum(([r7_mdpq_q2_a] +[r7_mdpq_q2_b])/2),,,,,,,,LH,,,, @HIDDEN-SURVEY
r7_mdpq_q3_txt,r7_participant_surveys_and_digital_measures, ,descriptive,"<div class=""rich-text-field-label""><p> </p> <p>Using a mobile device I can:</p> <table style=""border-collapse: collapse; width: 100.052%; height: 161.849px;"" border=""1""><colgroup><col style=""width: 19.9862%;""><col style=""width: 15.0251%;""><col style=""width: 16.7261%;""><col style=""width: 16.4426%;""><col style=""width: 15.3086%;""><col style=""width: 16.4426%;""></colgroup> <tbody> <tr style=""height: 24.3229px;""> <td> </td> <td style=""text-align: center;""> <p style=""text-align: center;"">Never tried</p> <p style=""text-align: center;"">(1)</p> </td> <td style=""text-align: center;""> <p style=""text-align: center;"">Not at all</p> <p style=""text-align: center;"">(2)</p> </td> <td style=""text-align: center;""> <p style=""text-align: center;"">Not very easily</p> <p style=""text-align: center;"">(3)</p> </td> <td style=""text-align: center;""> <p style=""text-align: center;"">Somewhat easily</p> <p style=""text-align: center;"">(4)</p> </td> <td style=""text-align: center;""> <p style=""text-align: center;"">Very easily</p> <p style=""text-align: center;"">(5)</p> </td> </tr> <tr style=""height: 77.6476px;""> <td>Transfer information (files such as music, pictures, documents) on my mobile device to my computer</td> <td colspan=""5"">{r7_mdpq_q3_a}</td> </tr> <tr style=""height: 59.8785px;""> <td> <div data-kind=""field-label""> <div data-mlm-field=""r7_mdpq_q1_b"" data-mlm-type=""label"">Transfer information (files such as music, pictures, documents) on my computer to my mobile device</div> </div> <label id=""label-r7_mdpq_q1_b"" class=""fl""></label></td> <td colspan=""5"">{r7_mdpq_q3_b}</td> </tr> </tbody> </table> <p> </p></div>",,,,,,,,,,,,,
r7_mdpq_q3_a,r7_participant_surveys_and_digital_measures,,radio,"a. Transfer information (files such as music, pictures, documents) on my mobile device to my computer","1, 1 | 2, 2 | 3, 3 | 4, 4 | 5, 5",,,,,,,,,,r7_mdpq_q3,,
r7_mdpq_q3_b,r7_participant_surveys_and_digital_measures,,radio,"b. Transfer information (files such as music, pictures, documents) on my computer to my mobile device","1, 1 | 2, 2 | 3, 3 | 4, 4 | 5, 5",,,,,,,,,,r7_mdpq_q3,,
r7_mdpq_q3_sc,r7_participant_surveys_and_digital_measures,,calc,Sub-Scale 3 Score:,sum(([r7_mdpq_q3_a] + [r7_mdpq_q3_b])/2),,,,,,,,LH,,,, @HIDDEN-SURVEY
r7_mdpq_q4_txt,r7_participant_surveys_and_digital_measures, ,descriptive,"<div class=""rich-text-field-label""><p> </p> <p>Using a mobile device I can:</p> <table style=""border-collapse: collapse; width: 100.052%; height: 161.849px;"" border=""1""><colgroup><col style=""width: 19.9862%;""><col style=""width: 15.0251%;""><col style=""width: 16.7261%;""><col style=""width: 16.4426%;""><col style=""width: 15.3086%;""><col style=""width: 16.4426%;""></colgroup> <tbody> <tr style=""height: 24.3229px;""> <td> </td> <td style=""text-align: center;""> <p style=""text-align: center;"">Never tried</p> <p style=""text-align: center;"">(1)</p> </td> <td style=""text-align: center;""> <p style=""text-align: center;"">Not at all</p> <p style=""text-align: center;"">(2)</p> </td> <td style=""text-align: center;""> <p style=""text-align: center;"">Not very easily</p> <p style=""text-align: center;"">(3)</p> </td> <td style=""text-align: center;""> <p style=""text-align: center;"">Somewhat easily</p> <p style=""text-align: center;"">(4)</p> </td> <td style=""text-align: center;""> <p style=""text-align: center;"">Very easily</p> <p style=""text-align: center;"">(5)</p> </td> </tr> <tr style=""height: 77.6476px;""> <td>Find information about my hobbies and interests on the Internet</td> <td colspan=""5"">{r7_mdpq_q4_a}</td> </tr> <tr style=""height: 59.8785px;""> <td> <div data-kind=""field-label""> <div data-mlm-field=""r7_mdpq_q1_b"" data-mlm-type=""label"">Find health information on the Internet</div> </div> <label id=""label-r7_mdpq_q1_b"" class=""fl""></label></td> <td colspan=""5"">{r7_mdpq_q4_b}</td> </tr> </tbody> </table> <p> </p></div>",,,,,,,,,,,,,
r7_mdpq_q4_a,r7_participant_surveys_and_digital_measures,,radio,a. Find information about my hobbies and interests on the Internet,"1, 1 | 2, 2 | 3, 3 | 4, 4 | 5, 5",,,,,,,,,,r7_mdpq_q4,,
r7_mdpq_q4_b,r7_participant_surveys_and_digital_measures,,radio,b. Find health information on the Internet,"1, 1 | 2, 2 | 3, 3 | 4, 4 | 5, 5",,,,,,,,,,r7_mdpq_q4,,
r7_mdpq_q4_sc,r7_participant_surveys_and_digital_measures,,calc,Sub-Scale 4 Score:,sum(([r7_mdpq_q4_a] + [r7_mdpq_q4_b])/2),,,,,,,,LH,,,, @HIDDEN-SURVEY
r7_mdpq_q5_txt,r7_participant_surveys_and_digital_measures, ,descriptive,"<div class=""rich-text-field-label""><p> </p> <p>Using a mobile device I can:</p> <table style=""border-collapse: collapse; width: 100.052%; height: 161.849px;"" border=""1""><colgroup><col style=""width: 19.9862%;""><col style=""width: 15.0251%;""><col style=""width: 16.7261%;""><col style=""width: 16.4426%;""><col style=""width: 15.3086%;""><col style=""width: 16.4426%;""></colgroup> <tbody> <tr style=""height: 24.3229px;""> <td> </td> <td style=""text-align: center;""> <p style=""text-align: center;"">Never tried</p> <p style=""text-align: center;"">(1)</p> </td> <td style=""text-align: center;""> <p style=""text-align: center;"">Not at all</p> <p style=""text-align: center;"">(2)</p> </td> <td style=""text-align: center;""> <p style=""text-align: center;"">Not very easily</p> <p style=""text-align: center;"">(3)</p> </td> <td style=""text-align: center;""> <p style=""text-align: center;"">Somewhat easily</p> <p style=""text-align: center;"">(4)</p> </td> <td style=""text-align: center;""> <p style=""text-align: center;"">Very easily</p> <p style=""text-align: center;"">(5)</p> </td> </tr> <tr style=""height: 77.6476px;""> <td>Enter events and appointments into a calendar</td> <td colspan=""5"">{r7_mdpq_q5_a}</td> </tr> <tr style=""height: 59.8785px;""> <td> <div data-kind=""field-label""> <div data-mlm-field=""r7_mdpq_q1_b"" data-mlm-type=""label"">Check the date and time of upcoming and prior appointments</div> </div> <label id=""label-r7_mdpq_q1_b"" class=""fl""></label></td> <td colspan=""5"">{r7_mdpq_q5_b}</td> </tr> </tbody> </table> <p> </p></div>",,,,,,,,,,,,,
r7_mdpq_q5_a,r7_participant_surveys_and_digital_measures,,radio,a. Enter events and appointments into a calendar,"1, 1 | 2, 2 | 3, 3 | 4, 4 | 5, 5",,,,,,,,,,mdpa_q5,,
r7_mdpq_q5_b,r7_participant_surveys_and_digital_measures,,radio,b. Check the date and time of upcoming and prior appointments,"1, 1 | 2, 2 | 3, 3 | 4, 4 | 5, 5",,,,,,,,,,mdpa_q5,,
r7_mdpq_q5_sc,r7_participant_surveys_and_digital_measures,,calc,Sub-Scale 5 Score:,sum(([r7_mdpq_q5_a] + [r7_mdpq_q5_b])/2),,,,,,,,LH,,,, @HIDDEN-SURVEY
r7_mdpq_q6_txt,r7_participant_surveys_and_digital_measures, ,descriptive,"<div class=""rich-text-field-label""><p> </p> <p>Using a mobile device I can:</p> <table style=""border-collapse: collapse; width: 100.052%; height: 161.849px;"" border=""1""><colgroup><col style=""width: 19.9862%;""><col style=""width: 15.0251%;""><col style=""width: 16.7261%;""><col style=""width: 16.4426%;""><col style=""width: 15.3086%;""><col style=""width: 16.4426%;""></colgroup> <tbody> <tr style=""height: 24.3229px;""> <td> </td> <td style=""text-align: center;""> <p style=""text-align: center;"">Never tried</p> <p style=""text-align: center;"">(1)</p> </td> <td style=""text-align: center;""> <p style=""text-align: center;"">Not at all</p> <p style=""text-align: center;"">(2)</p> </td> <td style=""text-align: center;""> <p style=""text-align: center;"">Not very easily</p> <p style=""text-align: center;"">(3)</p> </td> <td style=""text-align: center;""> <p style=""text-align: center;"">Somewhat easily</p> <p style=""text-align: center;"">(4)</p> </td> <td style=""text-align: center;""> <p style=""text-align: center;"">Very easily</p> <p style=""text-align: center;"">(5)</p> </td> </tr> <tr style=""height: 77.6476px;""> <td>Use the device's online ""store"" to find games and other forms of entertainment (e.g., using Apple App Store or Google Play Store)</td> <td colspan=""5"">{r7_mdpq_q6_a}</td> </tr> <tr style=""height: 59.8785px;""> <td> <div data-kind=""field-label""> <div data-mlm-field=""r7_mdpq_q1_b"" data-mlm-type=""label"">Listen to music</div> </div> <label id=""label-r7_mdpq_q1_b"" class=""fl""></label></td> <td colspan=""5"">{r7_mdpq_q6_b}</td> </tr> </tbody> </table> <p> </p></div>",,,,,,,,,,,,,
r7_mdpq_q6_a,r7_participant_surveys_and_digital_measures,,radio,"a. Use the device's online ""store"" to find games and other forms of entertainment (e.g., using Apple App Store or Google Play Store)","1, 1 | 2, 2 | 3, 3 | 4, 4 | 5, 5",,,,,,,,,,r7_mdpq_q6,,
r7_mdpq_q6_b,r7_participant_surveys_and_digital_measures,,radio,b. Listen to music,"1, 1 | 2, 2 | 3, 3 | 4, 4 | 5, 5",,,,,,,,,,r7_mdpq_q6,,
r7_mdpq_q6_sc,r7_participant_surveys_and_digital_measures,,calc,Sub-Scale 6 Score:,sum(([r7_mdpq_q6_a] + [r7_mdpq_q6_b])/2),,,,,,,,LH,,,, @HIDDEN-SURVEY
r7_mdpq_q7_txt,r7_participant_surveys_and_digital_measures, ,descriptive,"<div class=""rich-text-field-label""><p> </p> <p>Using a mobile device I can:</p> <table style=""border-collapse: collapse; width: 100.052%; height: 161.849px;"" border=""1""><colgroup><col style=""width: 19.9862%;""><col style=""width: 15.0251%;""><col style=""width: 16.7261%;""><col style=""width: 16.4426%;""><col style=""width: 15.3086%;""><col style=""width: 16.4426%;""></colgroup> <tbody> <tr style=""height: 24.3229px;""> <td> </td> <td style=""text-align: center;""> <p style=""text-align: center;"">Never tried</p> <p style=""text-align: center;"">(1)</p> </td> <td style=""text-align: center;""> <p style=""text-align: center;"">Not at all</p> <p style=""text-align: center;"">(2)</p> </td> <td style=""text-align: center;""> <p style=""text-align: center;"">Not very easily</p> <p style=""text-align: center;"">(3)</p> </td> <td style=""text-align: center;""> <p style=""text-align: center;"">Somewhat easily</p> <p style=""text-align: center;"">(4)</p> </td> <td style=""text-align: center;""> <p style=""text-align: center;"">Very easily</p> <p style=""text-align: center;"">(5)</p> </td> </tr> <tr style=""height: 77.6476px;""> <td>Set up a password to lock/unlock the device</td> <td colspan=""5"">{r7_mdpq_q7_a}</td> </tr> <tr style=""height: 59.8785px;""> <td> <div data-kind=""field-label""> <div data-mlm-field=""r7_mdpq_q1_b"" data-mlm-type=""label"">Erase all Internet browsing history and temporary files</div> </div> <label id=""label-r7_mdpq_q1_b"" class=""fl""></label></td> <td colspan=""5"">{r7_mdpq_q7_b}</td> </tr> </tbody> </table> <p> </p></div>",,,,,,,,,,,,,
r7_mdpq_q7_a,r7_participant_surveys_and_digital_measures,,radio,a. Set up a password to lock/ unlock the device,"1, 1 | 2, 2 | 3, 3 | 4, 4 | 5, 5",,,,,,,,,,r7_mdpq_q7,,
r7_mdpq_q7_b,r7_participant_surveys_and_digital_measures,,radio,b. Erase all Internet browsing history and temporary files,"1, 1 | 2, 2 | 3, 3 | 4, 4 | 5, 5",,,,,,,,,,r7_mdpq_q7,,
r7_mdpq_q7_sc,r7_participant_surveys_and_digital_measures,,calc,Sub-Scale 7 Score:,sum(([r7_mdpq_q7_a] + [r7_mdpq_q7_b])/2),,,,,,,,LH,,,, @HIDDEN-SURVEY
r7_mdpq_q8_txt,r7_participant_surveys_and_digital_measures, ,descriptive,"<div class=""rich-text-field-label""><p> </p> <p>Using a mobile device I can:</p> <table style=""border-collapse: collapse; width: 100.052%; height: 161.849px;"" border=""1""><colgroup><col style=""width: 19.9862%;""><col style=""width: 15.0251%;""><col style=""width: 16.7261%;""><col style=""width: 16.4426%;""><col style=""width: 15.3086%;""><col style=""width: 16.4426%;""></colgroup> <tbody> <tr style=""height: 24.3229px;""> <td> </td> <td style=""text-align: center;""> <p style=""text-align: center;"">Never tried</p> <p style=""text-align: center;"">(1)</p> </td> <td style=""text-align: center;""> <p style=""text-align: center;"">Not at all</p> <p style=""text-align: center;"">(2)</p> </td> <td style=""text-align: center;""> <p style=""text-align: center;"">Not very easily</p> <p style=""text-align: center;"">(3)</p> </td> <td style=""text-align: center;""> <p style=""text-align: center;"">Somewhat easily</p> <p style=""text-align: center;"">(4)</p> </td> <td style=""text-align: center;""> <p style=""text-align: center;"">Very easily</p> <p style=""text-align: center;"">(5)</p> </td> </tr> <tr style=""height: 77.6476px;""> <td>Update games and other applications</td> <td colspan=""5"">{r7_mdpq_q8_a}</td> </tr> <tr style=""height: 59.8785px;""> <td> <div data-kind=""field-label""> <div data-mlm-field=""r7_mdpq_q1_b"" data-mlm-type=""label"">Delete games and other applications</div> </div> <label id=""label-r7_mdpq_q1_b"" class=""fl""></label></td> <td colspan=""5"">{r7_mdpq_q8_b}</td> </tr> </tbody> </table> <p> </p></div>",,,,,,,,,,,,,
r7_mdpq_q8_a,r7_participant_surveys_and_digital_measures,,radio,a. Update games and other applications,"1, 1 | 2, 2 | 3, 3 | 4, 4 | 5, 5",,,,,,,,,,r7_mdpq_q8,,
r7_mdpq_q8_b,r7_participant_surveys_and_digital_measures,,radio,b. Delete games and other applications,"1, 1 | 2, 2 | 3, 3 | 4, 4 | 5, 5",,,,,,,,,,r7_mdpq_q8,,
r7_mdpq_q8_sc,r7_participant_surveys_and_digital_measures,,calc,Sub-Scale 8 Score:,sum(([r7_mdpq_q8_a] + [r7_mdpq_q8_b])/2),,,,,,,,LH,,,, @HIDDEN-SURVEY
r7_mdpq_sc_tot,r7_participant_surveys_and_digital_measures,,calc,MDPQ-16 Total Score:,sum([r7_mdpq_q1_sc] + [r7_mdpq_q2_sc] + [r7_mdpq_q3_sc] + [r7_mdpq_q4_sc] + [r7_mdpq_q5_sc] + [r7_mdpq_q6_sc] + [r7_mdpq_q7_sc] + [r7_mdpq_q8_sc]),,,,,,,,LH,,,, @HIDDEN-SURVEY
r7_cfi_txt,r7_participant_surveys_and_digital_measures,"<div class=""rich-text-field-label""><h5 style=""text-align: center;"">Cognitive Function Instrument: Self report</h5></div>",descriptive,"<div class=""rich-text-field-label""><p>Answer all questions with reference to one year ago.</p></div>",,,,,,,,,,,,,
r7_cfi_q1,r7_participant_surveys_and_digital_measures,,radio,"<div class=""rich-text-field-label""><p>Compared to one year ago, do you feel that your memory has declined substantially?</p></div>","1, Yes | 0, No | 0.5, Maybe",,,,,,,,LH,,,,
r7_cfi_q2,r7_participant_surveys_and_digital_measures,,radio,"<div class=""rich-text-field-label""><p>Do others tell you that you tend to repeat questions over and over?</p></div>","1, Yes | 0, No | 0.5, Maybe",,,,,,,,LH,,,,
r7_cfi_q3,r7_participant_surveys_and_digital_measures,,radio,"<div class=""rich-text-field-label""><p>Have you been misplacing things more often?</p></div>","1, Yes | 0, No | 0.5, Maybe",,,,,,,,LH,,,,
r7_cfi_q4,r7_participant_surveys_and_digital_measures,,radio,"<div class=""rich-text-field-label""><p>Do you find that lately you are relying more on written reminders (e.g., shopping lists, calendars)?</p></div>","1, Yes | 0, No | 0.5, Maybe",,,,,,,,LH,,,,
r7_cfi_q5,r7_participant_surveys_and_digital_measures,,radio,"<div class=""rich-text-field-label""><p>Do you need more help from others to remember appointments, family occasions or holidays?</p></div>","1, Yes | 0, No | 0.5, Maybe",,,,,,,,LH,,,,
r7_cfi_q6,r7_participant_surveys_and_digital_measures,,radio,"<div class=""rich-text-field-label""><p>Do you have more trouble recalling names, finding the right word, or completing sentences?</p></div>","1, Yes | 0, No | 0.5, Maybe",,,,,,,,LH,,,,
r7_cfi_q7,r7_participant_surveys_and_digital_measures,,radio,"<div class=""rich-text-field-label""><p>Do you have more trouble driving (e.g., do you drive more slowly, have more trouble at night, tend to get<br>lost, have accidents)?</p></div>","1, Yes | 0, No | 0.5, Maybe",,,,,,,,LH,,,,
r7_cfi_q8,r7_participant_surveys_and_digital_measures,,radio,"<div class=""rich-text-field-label""><p>Compared to one year ago, do you have more difficulty managing money (e.g., paying bills, calculating<br>change, completing tax forms)?</p></div>","1, Yes | 0, No | 0.5, Maybe",,,,,,,,LH,,,,
r7_cfi_q9,r7_participant_surveys_and_digital_measures,,radio,"<div class=""rich-text-field-label""><p>Are you less involved in social activities?</p></div>","1, Yes | 0, No | 0.5, Maybe",,,,,,,,LH,,,,
r7_cfi_q10,r7_participant_surveys_and_digital_measures,,radio,"<div class=""rich-text-field-label""><p>Has your work performance (paid or volunteer) declined significantly compared to one year ago?</p></div>","1, Yes | 0, No | 0.5, Maybe",,,,,,,,LH,,,,
r7_cfi_q11,r7_participant_surveys_and_digital_measures,,radio,"<div class=""rich-text-field-label""><p>Do you have more trouble following the news, or the plots of books, movies or TV shows, compared to<br>one year ago?</p></div>","1, Yes | 0, No | 0.5, Maybe",,,,,,,,LH,,,,
r7_cfi_q12,r7_participant_surveys_and_digital_measures,,radio,"<div class=""rich-text-field-label""><p>Are there any activities (e.g., hobbies, such as card games, crafts) that are substantially more difficult for<br>you now compared to one year ago?</p></div>","1, Yes | 0, No | 0.5, Maybe",,,,,,,,LH,,,,
r7_cfi_q13,r7_participant_surveys_and_digital_measures,,radio,"<div class=""rich-text-field-label""><p>Are you more likely to become disoriented, or get lost, for example when traveling to another city?</p></div>","1, Yes | 0, No | 0.5, Maybe",,,,,,,,LH,,,,
r7_cfi_q14,r7_participant_surveys_and_digital_measures,,radio,"<div class=""rich-text-field-label""><p>Do you have more difficulty using household appliances (such as the washing machine, VCR or<br>computer)?</p></div>","1, Yes | 0, No | 0.5, Maybe",,,,,,,,LH,,,,
r7_cfi_sc_tot,r7_participant_surveys_and_digital_measures,,calc,CFI Total Score:,"sum([r7_cfi_q1], [r7_cfi_q2], [r7_cfi_q3], [r7_cfi_q4], [r7_cfi_q5], [r7_cfi_q6], [r7_cfi_q7], [r7_cfi_q8], [r7_cfi_q9], [r7_cfi_q10], [r7_cfi_q11], [r7_cfi_q12], [r7_cfi_q13], [r7_cfi_q14])",,,,,,,,LH,,,, @HIDDEN-SURVEY
r7_sleep_hrs,r7_participant_surveys_and_digital_measures,"<div class=""rich-text-field-label""><h5 style=""text-align: center;"">Sleep Assessment</h5></div>",text,"To the best of your ability, can you estimate how many hours you slept last night?",,,integer,0,24,y,,,LH,,,,
m2c2_benson_im,r7_participant_surveys_and_digital_measures,"<div class=""rich-text-field-label""><h5 style=""text-align: center;"">Digital Cognitive Measures</h5></div>",descriptive,"<a href=""https://runner.m2c2kit.com/?assessment=@m2c2-project/assessment-drawing-benson@1.1.6&api_key=demo&study_id=demo&trial_phase_type=immediate&post_immediate_trial_message_ms=5000&participant_id=[participant_id_r7]&session_id=[session_id_r7]"" target=""_blank"">Task: Benson Immediate</a>",,,,,,,,,,,,,
m2c2_digit_span_fwd,r7_participant_surveys_and_digital_measures, ,descriptive,"<a href=""https://runner.m2c2kit.com/?assessment=@m2c2-project/assessment-audio-digit-span@1.1.10&api_key=demo&study_id=demo&response_order=forward&allow_next_trial_delay_ms=3000&participant_id=[participant_id_r7]&session_id=[session_id_r7]"" target=""_blank"">Task: Digit Span Forward</a>",,,,,,,,,,,,,
m2c2_digit_span_bwd,r7_participant_surveys_and_digital_measures, ,descriptive,"<a href=""https://runner.m2c2kit.com/?assessment=@m2c2-project/assessment-audio-digit-span@1.1.10&api_key=demo&study_id=demo&response_order=backward&allow_next_trial_delay_ms=3000&participant_id=[participant_id_r7]&session_id=[session_id_r7]"" target=""_blank"">Task: Digit Span Backward</a>",,,,,,,,,,,,,
m2c2_trail_a,r7_participant_surveys_and_digital_measures, ,descriptive,"<a href=""https://runner.m2c2kit.com/?assessment=@m2c2-project/assessment-trailmaking@1.2.7&api_key=demo&study_id=demo&node_map_key=1&task_mode=A&collection_window_ms=150000&participant_id=[participant_id_r7]&session_id=[session_id_r7]"" target=""_blank"">Task: Trailmaking Version A</a>",,,,,,,,,,,,,
m2c2_trail_b,r7_participant_surveys_and_digital_measures, ,descriptive,"<a href=""https://runner.m2c2kit.com/?assessment=@m2c2-project/assessment-trailmaking@1.2.7&api_key=demo&study_id=demo&node_map_key=1&task_mode=B&collection_window_ms=300000&participant_id=[participant_id_r7]&session_id=[session_id_r7]"" target=""_blank"">Task: Trailmaking Version B</a>",,,,,,,,,,,,,
m2c2_benson_del,r7_participant_surveys_and_digital_measures, ,descriptive,"<a href=""https://runner.m2c2kit.com/?assessment=@m2c2-project/assessment-drawing-benson@1.1.6&api_key=demo&study_id=demo&&trial_phase_type=delayed&participant_id=[participant_id_r7]&session_id=[session_id_r7]"" target=""_blank"">Task: Benson Delayed</a>",,,,,,,,,,,,,
m2c2_nonbenson_clock,r7_participant_surveys_and_digital_measures, ,descriptive,"<a href=""https://runner.m2c2kit.com/assessments/@m2c2-project/assessment-drawing@1.1.3/index.html?api_key=demo&study_id=demo&stimulus_image_sequence=[%22clock%22]&number_of_trials=1&participant_id=[participant_id_r7]&session_id=[session_id_r7]"" target=""_blank"">Task: Non-Benson Drawing Test Clock</a>",,,,,,,,,,,,,
m2c2_nonbenson_spiral,r7_participant_surveys_and_digital_measures, ,descriptive,"<a href=""https://runner.m2c2kit.com/assessments/@m2c2-project/assessment-drawing@1.1.3/index.html?api_key=demo&study_id=demo&stimulus_image_sequence=[%22spiral%22]&number_of_trials=1&participant_id=[participant_id_r7]&session_id=[session_id_r7]"" target=""_blank"">Task: Non-Benson Drawing Test Spiral</a>",,,,,,,,,,,,,
m2c2_dsst,r7_participant_surveys_and_digital_measures, ,descriptive,"<a href=""https://runner.m2c2kit.com/?assessment=@m2c2-project/assessment-dsst-drawing@1.1.9&api_key=demo&study_id=demo&participant_id=[participant_id_r7]&session_id=[session_id_r7]"" target=""_blank"">Task: DSST</a>",,,,,,,,,,,,,
m2c2_voice_sentence,r7_participant_surveys_and_digital_measures, ,descriptive,"<a href=""https://runner.m2c2kit.com/?assessment=@m2c2-project/assessment-voice-recording@1.1.10&api_key=demo&study_id=demo&prompt_type=sentence&participant_id=[participant_id_r7]&session_id=[session_id_r7]"" target=""_blank"">Task: Voice Sentence</a>",,,,,,,,,,,,,
m2c2_voice_enunciate,r7_participant_surveys_and_digital_measures, ,descriptive,"<a href=""https://runner.m2c2kit.com/?assessment=@m2c2-project/assessment-voice-recording@1.1.10&api_key=demo&study_id=demo&prompt_type=enunciate&participant_id=[participant_id_r7]&session_id=[session_id_r7]"" target=""_blank"">Task: Voice Enunciate</a>",,,,,,,,,,,,,
m2c2_cookie_theft,r7_participant_surveys_and_digital_measures, ,descriptive,"<a href=""https://runner.m2c2kit.com/?assessment=@m2c2-project/assessment-voice-recording@1.1.10&api_key=demo&study_id=demo&prompt_type=image&trial_duration_ms=60000&participant_id=[participant_id_r7]&session_id=[session_id_r7]"" target=""_blank"">Task: Cookie Theft</a>",,,,,,,,,,,,,
m2c2_typing_same,r7_participant_surveys_and_digital_measures, ,descriptive,"<a href=""https://runner.m2c2kit.com/?assessment=@m2c2-project/assessment-key-typing@1.0.4&api_key=demo&study_id=demo&administration_type=same&prompt_type=word&trial_duration_ms=15000&participant_id=[participant_id_r7]&session_id=[session_id_r7]"" target=""_blank"">Task: Typing Same</a>
",,,,,,,,,,,,,
m2c2_typing_successive,r7_participant_surveys_and_digital_measures, ,descriptive,"<p><a href=""https://runner.m2c2kit.com/?assessment=@m2c2-project/assessment-key-typing@1.0.4&api_key=demo&study_id=demo&administration_type=successive&prompt_type=word&stimulus_duration_ms=2000&trial_duration_ms=15000&participant_id=[participant_id_r7]&session_id=[session_id_r7]"" target=""_blank"" rel=""noopener"">Task: Typing Successive</a></p>",,,,,,,,,,,,,
m2c2_mobility,r7_participant_surveys_and_digital_measures, ,descriptive,"<a href=""https://runner.m2c2kit.com/?assessment=@m2c2-project/assessment-motion@1.1.4&api_key=demo&study_id=demo&participant_id=[participant_id_r7]&session_id=[session_id_r7]"" target=""_blank"">Task: Mobility</a>",,,,,,,,,,,,,