﻿"Variable / Field Name","Form Name","Section Header","Field Type","Field Label","Choices, Calculations, OR Slider Labels","Field Note","Text Validation Type OR Show Slider Number","Text Validation Min","Text Validation Max",Identifier?,"Branching Logic (Show field only if...)","Required Field?","Custom Alignment","Question Number (surveys only)","Matrix Group Name","Matrix Ranking?","Field Annotation"
participant_id_r5,r5_health_history,,text,"Participant ID:",,,,,,y,,,LH,,,,
session_id_r5,r5_health_history,,text,"Session ID:",,,,,,y,,,LH,,,,
session_dt_r5,r5_health_history,,text,"Session Date:",,,date_mdy,,,,,,LH,,,,
r5_hhist_txt,r5_health_history,"<div class=""rich-text-field-label""><h5 style=""text-align: center;"">Health History</h5></div>",descriptive,"<div class=""rich-text-field-label""><p dir=""ltr""><span style=""text-decoration: underline;"">Please fill this form out as completely as possible </span></p> <p><strong> </strong></p> <p dir=""ltr""><em>If you have filled out this form previously, please enter any changes in your health history that have occurred since your last visit.</em><strong id=""docs-internal-guid-ff0205d3-7fff-2dfb-2bc1-0f1824d54ea8""></strong></p></div>",,,,,,,,,,,,,
r5_hhist_med,r5_health_history,,checkbox,"<div class=""rich-text-field-label""><p><strong id=""docs-internal-guid-ff0205d3-7fff-2dfb-2bc1-0f1824d54ea8"">Past Medical History<span style=""font-weight: normal;""> (Please check any medical problems that you have had in the past)</span></strong></p></div>","1, Congestive heart failure | 2, COPD (lung disease) | 3, Kidney disease | 4, Allergies | 5, Coronary artery disease | 6, Liver disease | 7, Anemia | 8, Depression | 9, Anxiety | 10, Diabetes mellitus | 11, Myocardial infarction (heart attack) | 12, Arthritis | 13, Nerve/muscle disease | 14, Asthma | 15, GERD (heartburn) | 16, Osteoporosis | 17, Glaucoma | 18, Seizures | 19, Headaches | 20, Sickle cell anemia | 21, Cancer | 22, Sleep apnea | 23, HIV/AIDS | 24, Stroke | 25, Clotting disorder | 26, Hyperlipidemia (high cholesterol) | 27, Hypertension (high blood pressure) | 28, Concussion | 29, Hypothyroidism | 30, Atrial Fibrillation | 31, Arrhythmias (abnormal heart rhythms)",,,,,y,,,LV,,,,
r5_hhist_surg,r5_health_history," ",checkbox,"<div class=""rich-text-field-label""><p><strong id=""docs-internal-guid-b9268f02-7fff-d010-2cd1-28a40d4274e3"">Past Surgical History <span style=""font-weight: normal;"">(Check any surgeries you have had and the date of surgery if you know it)</span></strong></p></div>","1, Bariatric surgery {r5_hhist_surg_dt_1} | 2, Brain surgery {r5_hhist_surg_dt_2} | 3, Breast surgery {r5_hhist_surg_dt_3} | 4, Major cardiac surgery, including CABG (bypass) or Valve replacement {r5_hhist_surg_dt_4} | 5, Major abdominal surgery, such as cholecystectomy (gallbladder removal) or colon surgery {r5_hhist_surg_dt_5} | 6, Joint replacement {r5_hhist_surg_dt_6} | 7, Spine surgery {r5_hhist_surg_dt_7} | 8, Other major surgeries: {r5_hhist_surg_oth} {r5_hhist_surg_dt_8}",,,,,y,,,LV,,,,
r5_hhist_surg_oth,r5_health_history,,text,"<div class=""rich-text-field-label""></div>",,,,,,y,"[r5_hhist_surg(8)] = '1'",,LV,,,,
r5_hhist_surg_dt_1,r5_health_history,,text,"<div class=""rich-text-field-label""></div>",,,date_mdy,,,y,"[r5_hhist_surg(1)] = '1'",,LV,,,,
r5_hhist_surg_dt_2,r5_health_history,,text,"<div class=""rich-text-field-label""></div>",,,date_mdy,,,y,"[r5_hhist_surg(2)] = '1'",,LV,,,,
r5_hhist_surg_dt_3,r5_health_history,,text,"<div class=""rich-text-field-label""></div>",,,date_mdy,,,y,"[r5_hhist_surg(3)] = '1'",,LV,,,,
r5_hhist_surg_dt_4,r5_health_history,,text,"<div class=""rich-text-field-label""></div>",,,date_mdy,,,y,"[r5_hhist_surg(4)] = '1'",,LV,,,,
r5_hhist_surg_dt_5,r5_health_history,,text,"<div class=""rich-text-field-label""></div>",,,date_mdy,,,y,"[r5_hhist_surg(5)] = '1'",,LV,,,,
r5_hhist_surg_dt_6,r5_health_history,,text,"<div class=""rich-text-field-label""></div>",,,date_mdy,,,y,"[r5_hhist_surg(6)] = '1'",,LV,,,,
r5_hhist_surg_dt_7,r5_health_history,,text,"<div class=""rich-text-field-label""></div>",,,date_mdy,,,y,"[r5_hhist_surg(7)] = '1'",,LV,,,,
r5_hhist_surg_dt_8,r5_health_history,,text,"<div class=""rich-text-field-label""></div>",,,date_mdy,,,y,"[r5_hhist_surg(8)] = '1'",,LV,,,,
r5_hhist_fam_adopt,r5_health_history," ",checkbox,"<div class=""rich-text-field-label""><p>Family History</p> <p dir=""ltr""><span style=""font-weight: normal;"">Check below to report problems your family members have had. </span></p></div>","1, Adopted (unknown/incomplete family history). If checked, skip the next section",,,,,y,,,LV,,,,
r5_hhist_fam_drgaddict,r5_health_history,,checkbox,"Addiction to Alcohol or Other Drugs","1, Mother | 2, Father | 3, Any of Siblings | 4, Any of Children",,,,,y,"[r5_hhist_fam_adopt(1)] <> 1",,,,r5_hhist_fam,,
r5_hhist_fam_cncr,r5_health_history,,checkbox,Cancer,"1, Mother | 2, Father | 3, Any of Siblings | 4, Any of Children",,,,,y,"[r5_hhist_fam_adopt(1)] <> 1",,,,r5_hhist_fam,,
r5_hhist_fam_copd,r5_health_history,,checkbox,"COPD (lung disease)","1, Mother | 2, Father | 3, Any of Siblings | 4, Any of Children",,,,,y,"[r5_hhist_fam_adopt(1)] <> 1",,,,r5_hhist_fam,,
r5_hhist_fam_alz,r5_health_history,,checkbox,"Alzheimer's Disease and Dementia","1, Mother | 2, Father | 3, Any of Siblings | 4, Any of Children",,,,,y,"[r5_hhist_fam_adopt(1)] <> 1",,,,r5_hhist_fam,,
r5_hhist_fam_dprssn,r5_health_history,,checkbox,Depression,"1, Mother | 2, Father | 3, Any of Siblings | 4, Any of Children",,,,,y,"[r5_hhist_fam_adopt(1)] <> 1",,,,r5_hhist_fam,,
r5_hhist_fam_diabetes,r5_health_history,,checkbox,Diabetes,"1, Mother | 2, Father | 3, Any of Siblings | 4, Any of Children",,,,,y,"[r5_hhist_fam_adopt(1)] <> 1",,,,r5_hhist_fam,,
r5_hhist_fam_heartdis,r5_health_history,,checkbox,"Heart disease","1, Mother | 2, Father | 3, Any of Siblings | 4, Any of Children",,,,,y,"[r5_hhist_fam_adopt(1)] <> 1",,,,r5_hhist_fam,,
r5_hhist_fam_highchole,r5_health_history,,checkbox,"High cholesterol","1, Mother | 2, Father | 3, Any of Siblings | 4, Any of Children",,,,,y,"[r5_hhist_fam_adopt(1)] <> 1",,,,r5_hhist_fam,,
r5_hhist_fam_hypertens,r5_health_history,,checkbox,Hypertension,"1, Mother | 2, Father | 3, Any of Siblings | 4, Any of Children",,,,,y,"[r5_hhist_fam_adopt(1)] <> 1",,,,r5_hhist_fam,,
r5_hhist_fam_kidneydis,r5_health_history,,checkbox,"Kidney disease","1, Mother | 2, Father | 3, Any of Siblings | 4, Any of Children",,,,,y,"[r5_hhist_fam_adopt(1)] <> 1",,,,r5_hhist_fam,,
r5_hhist_fam_mentalill,r5_health_history,,checkbox,"Mental illness","1, Mother | 2, Father | 3, Any of Siblings | 4, Any of Children",,,,,y,"[r5_hhist_fam_adopt(1)] <> 1",,,,r5_hhist_fam,,
r5_hhist_fam_strk,r5_health_history,,checkbox,Stroke,"1, Mother | 2, Father | 3, Any of Siblings | 4, Any of Children",,,,,y,"[r5_hhist_fam_adopt(1)] <> 1",,,,r5_hhist_fam,,
r5_hhist_fam_alive_m,r5_health_history,"Alive (Yes, No or N/A=Not Applicable)",radio,Mother,"1, Yes | 2, No | 3, Not Applicable",,,,,y,"[r5_hhist_fam_adopt(1)] <> 1",,,,r5_hhist_fam_alive,,
r5_hhist_fam_alive_f,r5_health_history,,radio,Father,"1, Yes | 2, No | 3, Not Applicable",,,,,y,"[r5_hhist_fam_adopt(1)] <> 1",,,,r5_hhist_fam_alive,,
r5_medinv_txt,r5_health_history,"<div class=""rich-text-field-label""><h5 style=""text-align: center;"">Medication Inventory</h5></div>",descriptive,"<div class=""rich-text-field-label""><p dir=""ltr"">Participant brings medications (both prescribed and over-the-counter) in their respective bottles. </p> <p dir=""ltr"">Researcher inputs each medication into the database. Participant is present, but need not provide information, besides for variable ""Reason Drug was Taken"".</p></div>",,,,,,,,,,,,,
r5_medinv_qty,r5_health_history," ",dropdown,"Number of medications:","0, 0 | 1, 1 | 2, 2 | 3, 3 | 4, 4 | 5, 5 | 6, 6 | 7, 7 | 8, 8 | 9, 9 | 10, 10 | 11, 11 | 12, 12 | 13, 13 | 14, 14 | 15, 15 | 16, 16 | 17, 17 | 18, 18 | 19, 19 | 20, 20",,,,,,,,LH,,,,
r5_medinv_txt_1,r5_health_history," ",descriptive,"<div class=""rich-text-field-label""><p>Drug Name: {r5_medinv_drg_nm_1}</p> <p>Flag: {r5_medinv_flag_1}</p> <p>Dosage: {r5_medinv_dose_1}</p> <p>Units: {r5_medinv_unit_1}</p> <p>#Times per Day: {r5_medinv_per_day_1}</p> <p>Reason Drug was Taken: {r5_medinv_reason_1}</p> <p>Type: {r5_medinv_type_1}</p> <p>Color: {r5_medinv_color_1}</p> <p>Shape: {r5_medinv_shape_1}</p> <p>Comments: {r5_medinv_nt_1}</p> <p>OTC Medication Notes: {r5_medinv_otc_nt_1}</p></div>",,,,,,,"[r5_medinv_qty] = '1' or [r5_medinv_qty] = '2' or [r5_medinv_qty] = '3' or [r5_medinv_qty] = '4' or [r5_medinv_qty] = '5' or [r5_medinv_qty] = '6' or [r5_medinv_qty] = '7' or [r5_medinv_qty] = '8' or [r5_medinv_qty] = '9' or [r5_medinv_qty] = '10' or [r5_medinv_qty] = '11' or [r5_medinv_qty] = '12' or [r5_medinv_qty] = '13' or [r5_medinv_qty] = '14' or [r5_medinv_qty] = '15' or [r5_medinv_qty] = '16' or [r5_medinv_qty] = '17' or [r5_medinv_qty] = '18' or [r5_medinv_qty] = '19' or [r5_medinv_qty] = '20'",,,,,,
r5_medinv_txt_2,r5_health_history," ",descriptive,"<div class=""rich-text-field-label""><p>Drug Name: {r5_medinv_drg_nm_2}</p> <p>Flag: {r5_medinv_flag_2}</p> <p>Dosage: {r5_medinv_dose_2}</p> <p>Units: {r5_medinv_unit_2}</p> <p>#Times per Day: {r5_medinv_per_day_2}</p> <p>Reason Drug was Taken: {r5_medinv_reason_2}</p> <p>Type: {r5_medinv_type_2}</p> <p>Color: {r5_medinv_color_2}</p> <p>Shape: {r5_medinv_shape_2}</p> <p>Comments: {r5_medinv_nt_2}</p> <p>OTC Medication Notes: {r5_medinv_otc_nt_2}</p></div>",,,,,,,"[r5_medinv_qty] = '2' or [r5_medinv_qty] = '3' or [r5_medinv_qty] = '4' or [r5_medinv_qty] = '5' or [r5_medinv_qty] = '6' or [r5_medinv_qty] = '7' or [r5_medinv_qty] = '8' or [r5_medinv_qty] = '9' or [r5_medinv_qty] = '10' or [r5_medinv_qty] = '11' or [r5_medinv_qty] = '12' or [r5_medinv_qty] = '13' or [r5_medinv_qty] = '14' or [r5_medinv_qty] = '15' or [r5_medinv_qty] = '16' or [r5_medinv_qty] = '17' or [r5_medinv_qty] = '18' or [r5_medinv_qty] = '19' or [r5_medinv_qty] = '20'",,,,,,
r5_medinv_txt_3,r5_health_history," ",descriptive,"<div class=""rich-text-field-label""><p>Drug Name: {r5_medinv_drg_nm_3}</p> <p>Flag: {r5_medinv_flag_3}</p> <p>Dosage: {r5_medinv_dose_3}</p> <p>Units: {r5_medinv_unit_3}</p> <p>#Times per Day: {r5_medinv_per_day_3}</p> <p>Reason Drug was Taken: {r5_medinv_reason_3}</p> <p>Type: {r5_medinv_type_3}</p> <p>Color: {r5_medinv_color_3}</p> <p>Shape: {r5_medinv_shape_3}</p> <p>Comments: {r5_medinv_nt_3}</p> <p>OTC Medication Notes: {r5_medinv_otc_nt_3}</p></div>",,,,,,,"[r5_medinv_qty] = '3' or [r5_medinv_qty] = '4' or [r5_medinv_qty] = '5' or [r5_medinv_qty] = '6' or [r5_medinv_qty] = '7' or [r5_medinv_qty] = '8' or [r5_medinv_qty] = '9' or [r5_medinv_qty] = '10' or [r5_medinv_qty] = '11' or [r5_medinv_qty] = '12' or [r5_medinv_qty] = '13' or [r5_medinv_qty] = '14' or [r5_medinv_qty] = '15' or [r5_medinv_qty] = '16' or [r5_medinv_qty] = '17' or [r5_medinv_qty] = '18' or [r5_medinv_qty] = '19' or [r5_medinv_qty] = '20'",,,,,,
r5_medinv_txt_4,r5_health_history," ",descriptive,"<div class=""rich-text-field-label""><p>Drug Name: {r5_medinv_drg_nm_4}</p> <p>Flag: {r5_medinv_flag_4}</p> <p>Dosage: {r5_medinv_dose_4}</p> <p>Units: {r5_medinv_unit_4}</p> <p>#Times per Day: {r5_medinv_per_day_4}</p> <p>Reason Drug was Taken: {r5_medinv_reason_4}</p> <p>Type: {r5_medinv_type_4}</p> <p>Color: {r5_medinv_color_4}</p> <p>Shape: {r5_medinv_shape_4}</p> <p>Comments: {r5_medinv_nt_4}</p> <p>OTC Medication Notes: {r5_medinv_otc_nt_4}</p></div>",,,,,,,"[r5_medinv_qty] = '4' or [r5_medinv_qty] = '5' or [r5_medinv_qty] = '6' or [r5_medinv_qty] = '7' or [r5_medinv_qty] = '8' or [r5_medinv_qty] = '9' or [r5_medinv_qty] = '10' or [r5_medinv_qty] = '11' or [r5_medinv_qty] = '12' or [r5_medinv_qty] = '13' or [r5_medinv_qty] = '14' or [r5_medinv_qty] = '15' or [r5_medinv_qty] = '16' or [r5_medinv_qty] = '17' or [r5_medinv_qty] = '18' or [r5_medinv_qty] = '19' or [r5_medinv_qty] = '20'",,,,,,
r5_medinv_txt_5,r5_health_history," ",descriptive,"<div class=""rich-text-field-label""><p>Drug Name: {r5_medinv_drg_nm_5}</p> <p>Flag: {r5_medinv_flag_5}</p> <p>Dosage: {r5_medinv_dose_5}</p> <p>Units: {r5_medinv_unit_5}</p> <p>#Times per Day: {r5_medinv_per_day_5}</p> <p>Reason Drug was Taken: {r5_medinv_reason_5}</p> <p>Type: {r5_medinv_type_5}</p> <p>Color: {r5_medinv_color_5}</p> <p>Shape: {r5_medinv_shape_5}</p> <p>Comments: {r5_medinv_nt_5}</p> <p>OTC Medication Notes: {r5_medinv_otc_nt_5}</p></div>",,,,,,,"[r5_medinv_qty] = '5' or [r5_medinv_qty] = '6' or [r5_medinv_qty] = '7' or [r5_medinv_qty] = '8' or [r5_medinv_qty] = '9' or [r5_medinv_qty] = '10' or [r5_medinv_qty] = '11' or [r5_medinv_qty] = '12' or [r5_medinv_qty] = '13' or [r5_medinv_qty] = '14' or [r5_medinv_qty] = '15' or [r5_medinv_qty] = '16' or [r5_medinv_qty] = '17' or [r5_medinv_qty] = '18' or [r5_medinv_qty] = '19' or [r5_medinv_qty] = '20'",,,,,,
r5_medinv_txt_6,r5_health_history," ",descriptive,"<div class=""rich-text-field-label""><p>Drug Name: {r5_medinv_drg_nm_6}</p> <p>Flag: {r5_medinv_flag_6}</p> <p>Dosage: {r5_medinv_dose_6}</p> <p>Units: {r5_medinv_unit_6}</p> <p>#Times per Day: {r5_medinv_per_day_6}</p> <p>Reason Drug was Taken: {r5_medinv_reason_6}</p> <p>Type: {r5_medinv_type_6}</p> <p>Color: {r5_medinv_color_6}</p> <p>Shape: {r5_medinv_shape_6}</p> <p>Comments: {r5_medinv_nt_6}</p> <p>OTC Medication Notes: {r5_medinv_otc_nt_6}</p></div>",,,,,,,"[r5_medinv_qty] = '6' or [r5_medinv_qty] = '7' or [r5_medinv_qty] = '8' or [r5_medinv_qty] = '9' or [r5_medinv_qty] = '10' or [r5_medinv_qty] = '11' or [r5_medinv_qty] = '12' or [r5_medinv_qty] = '13' or [r5_medinv_qty] = '14' or [r5_medinv_qty] = '15' or [r5_medinv_qty] = '16' or [r5_medinv_qty] = '17' or [r5_medinv_qty] = '18' or [r5_medinv_qty] = '19' or [r5_medinv_qty] = '20'",,,,,,
r5_medinv_txt_7,r5_health_history," ",descriptive,"<div class=""rich-text-field-label""><p>Drug Name: {r5_medinv_drg_nm_7}</p> <p>Flag: {r5_medinv_flag_7}</p> <p>Dosage: {r5_medinv_dose_7}</p> <p>Units: {r5_medinv_unit_7}</p> <p>#Times per Day: {r5_medinv_per_day_7}</p> <p>Reason Drug was Taken: {r5_medinv_reason_7}</p> <p>Type: {r5_medinv_type_7}</p> <p>Color: {r5_medinv_color_7}</p> <p>Shape: {r5_medinv_shape_7}</p> <p>Comments: {r5_medinv_nt_7}</p> <p>OTC Medication Notes: {r5_medinv_otc_nt_7}</p></div>",,,,,,,"[r5_medinv_qty] = '7' or [r5_medinv_qty] = '8' or [r5_medinv_qty] = '9' or [r5_medinv_qty] = '10' or [r5_medinv_qty] = '11' or [r5_medinv_qty] = '12' or [r5_medinv_qty] = '13' or [r5_medinv_qty] = '14' or [r5_medinv_qty] = '15' or [r5_medinv_qty] = '16' or [r5_medinv_qty] = '17' or [r5_medinv_qty] = '18' or [r5_medinv_qty] = '19' or [r5_medinv_qty] = '20'",,,,,,
r5_medinv_txt_8,r5_health_history," ",descriptive,"<div class=""rich-text-field-label""><p>Drug Name: {r5_medinv_drg_nm_8}</p> <p>Flag: {r5_medinv_flag_8}</p> <p>Dosage: {r5_medinv_dose_8}</p> <p>Units: {r5_medinv_unit_8}</p> <p>#Times per Day: {r5_medinv_per_day_8}</p> <p>Reason Drug was Taken: {r5_medinv_reason_8}</p> <p>Type: {r5_medinv_type_8}</p> <p>Color: {r5_medinv_color_8}</p> <p>Shape: {r5_medinv_shape_8}</p> <p>Comments: {r5_medinv_nt_8}</p> <p>OTC Medication Notes: {r5_medinv_otc_nt_8}</p></div>",,,,,,,"[r5_medinv_qty] = '8' or [r5_medinv_qty] = '9' or [r5_medinv_qty] = '10' or [r5_medinv_qty] = '11' or [r5_medinv_qty] = '12' or [r5_medinv_qty] = '13' or [r5_medinv_qty] = '14' or [r5_medinv_qty] = '15' or [r5_medinv_qty] = '16' or [r5_medinv_qty] = '17' or [r5_medinv_qty] = '18' or [r5_medinv_qty] = '19' or [r5_medinv_qty] = '20'",,,,,,
r5_medinv_txt_9,r5_health_history," ",descriptive,"<div class=""rich-text-field-label""><p>Drug Name: {r5_medinv_drg_nm_9}</p> <p>Flag: {r5_medinv_flag_9}</p> <p>Dosage: {r5_medinv_dose_9}</p> <p>Units: {r5_medinv_unit_9}</p> <p>#Times per Day: {r5_medinv_per_day_9}</p> <p>Reason Drug was Taken: {r5_medinv_reason_9}</p> <p>Type: {r5_medinv_type_9}</p> <p>Color: {r5_medinv_color_9}</p> <p>Shape: {r5_medinv_shape_9}</p> <p>Comments: {r5_medinv_nt_9}</p> <p>OTC Medication Notes: {r5_medinv_otc_nt_9}</p></div>",,,,,,,"[r5_medinv_qty] = '9' or [r5_medinv_qty] = '10' or [r5_medinv_qty] = '11' or [r5_medinv_qty] = '12' or [r5_medinv_qty] = '13' or [r5_medinv_qty] = '14' or [r5_medinv_qty] = '15' or [r5_medinv_qty] = '16' or [r5_medinv_qty] = '17' or [r5_medinv_qty] = '18' or [r5_medinv_qty] = '19' or [r5_medinv_qty] = '20'",,,,,,
r5_medinv_txt_10,r5_health_history," ",descriptive,"<div class=""rich-text-field-label""><p>Drug Name: {r5_medinv_drg_nm_10}</p> <p>Flag: {r5_medinv_flag_10}</p> <p>Dosage: {r5_medinv_dose_10}</p> <p>Units: {r5_medinv_unit_10}</p> <p>#Times per Day: {r5_medinv_per_day_10}</p> <p>Reason Drug was Taken: {r5_medinv_reason_10}</p> <p>Type: {r5_medinv_type_10}</p> <p>Color: {r5_medinv_color_10}</p> <p>Shape: {r5_medinv_shape_10}</p> <p>Comments: {r5_medinv_nt_10}</p> <p>OTC Medication Notes: {r5_medinv_otc_nt_10}</p></div>",,,,,,,"[r5_medinv_qty] = '10' or [r5_medinv_qty] = '11' or [r5_medinv_qty] = '12' or [r5_medinv_qty] = '13' or [r5_medinv_qty] = '14' or [r5_medinv_qty] = '15' or [r5_medinv_qty] = '16' or [r5_medinv_qty] = '17' or [r5_medinv_qty] = '18' or [r5_medinv_qty] = '19' or [r5_medinv_qty] = '20'",,,,,,
r5_medinv_txt_11,r5_health_history,,descriptive,"<div class=""rich-text-field-label""><p>Drug Name: {r5_medinv_drg_nm_11}</p> <p>Flag: {r5_medinv_flag_11}</p> <p>Dosage: {r5_medinv_dose_11}</p> <p>Units: {r5_medinv_unit_11}</p> <p>#Times per Day: {r5_medinv_per_day_11}</p> <p>Reason Drug was Taken: {r5_medinv_reason_11}</p> <p>Type: {r5_medinv_type_11}</p> <p>Color: {r5_medinv_color_11}</p> <p>Shape: {r5_medinv_shape_11}</p> <p>Comments: {r5_medinv_nt_11}</p> <p>OTC Medication Notes: {r5_medinv_otc_nt_11}</p></div>",,,,,,,"[r5_medinv_qty] = '11' or [r5_medinv_qty] = '12' or [r5_medinv_qty] = '13' or [r5_medinv_qty] = '14' or [r5_medinv_qty] = '15' or [r5_medinv_qty] = '16' or [r5_medinv_qty] = '17' or [r5_medinv_qty] = '18' or [r5_medinv_qty] = '19' or [r5_medinv_qty] = '20'",,,,,,
r5_medinv_txt_12,r5_health_history,,descriptive,"<div class=""rich-text-field-label""><p>Drug Name: {r5_medinv_drg_nm_12}</p> <p>Flag: {r5_medinv_flag_12}</p> <p>Dosage: {r5_medinv_dose_12}</p> <p>Units: {r5_medinv_unit_12}</p> <p>#Times per Day: {r5_medinv_per_day_12}</p> <p>Reason Drug was Taken: {r5_medinv_reason_12}</p> <p>Type: {r5_medinv_type_12}</p> <p>Color: {r5_medinv_color_12}</p> <p>Shape: {r5_medinv_shape_12}</p> <p>Comments: {r5_medinv_nt_12}</p> <p>OTC Medication Notes: {r5_medinv_otc_nt_12}</p></div>",,,,,,,"[r5_medinv_qty] = '12' or [r5_medinv_qty] = '13' or [r5_medinv_qty] = '14' or [r5_medinv_qty] = '15' or [r5_medinv_qty] = '16' or [r5_medinv_qty] = '17' or [r5_medinv_qty] = '18' or [r5_medinv_qty] = '19' or [r5_medinv_qty] = '20'",,,,,,
r5_medinv_txt_13,r5_health_history,,descriptive,"<div class=""rich-text-field-label""><p>Drug Name: {r5_medinv_drg_nm_13}</p> <p>Flag: {r5_medinv_flag_13}</p> <p>Dosage: {r5_medinv_dose_13}</p> <p>Units: {r5_medinv_unit_13}</p> <p>#Times per Day: {r5_medinv_per_day_13}</p> <p>Reason Drug was Taken: {r5_medinv_reason_13}</p> <p>Type: {r5_medinv_type_13}</p> <p>Color: {r5_medinv_color_13}</p> <p>Shape: {r5_medinv_shape_13}</p> <p>Comments: {r5_medinv_nt_13}</p> <p>OTC Medication Notes: {r5_medinv_otc_nt_13}</p></div>",,,,,,,"[r5_medinv_qty] = '13' or [r5_medinv_qty] = '14' or [r5_medinv_qty] = '15' or [r5_medinv_qty] = '16' or [r5_medinv_qty] = '17' or [r5_medinv_qty] = '18' or [r5_medinv_qty] = '19' or [r5_medinv_qty] = '20'",,,,,,
r5_medinv_txt_14,r5_health_history,,descriptive,"<div class=""rich-text-field-label""><p>Drug Name: {r5_medinv_drg_nm_14}</p> <p>Flag: {r5_medinv_flag_14}</p> <p>Dosage: {r5_medinv_dose_14}</p> <p>Units: {r5_medinv_unit_14}</p> <p>#Times per Day: {r5_medinv_per_day_14}</p> <p>Reason Drug was Taken: {r5_medinv_reason_14}</p> <p>Type: {r5_medinv_type_14}</p> <p>Color: {r5_medinv_color_14}</p> <p>Shape: {r5_medinv_shape_14}</p> <p>Comments: {r5_medinv_nt_14}</p> <p>OTC Medication Notes: {r5_medinv_otc_nt_14}</p></div>",,,,,,,"[r5_medinv_qty] = '14' or [r5_medinv_qty] = '15' or [r5_medinv_qty] = '16' or [r5_medinv_qty] = '17' or [r5_medinv_qty] = '18' or [r5_medinv_qty] = '19' or [r5_medinv_qty] = '20'",,,,,,
r5_medinv_txt_15,r5_health_history,,descriptive,"<div class=""rich-text-field-label""><p>Drug Name: {r5_medinv_drg_nm_15}</p> <p>Flag: {r5_medinv_flag_15}</p> <p>Dosage: {r5_medinv_dose_15}</p> <p>Units: {r5_medinv_unit_15}</p> <p>#Times per Day: {r5_medinv_per_day_15}</p> <p>Reason Drug was Taken: {r5_medinv_reason_15}</p> <p>Type: {r5_medinv_type_15}</p> <p>Color: {r5_medinv_color_15}</p> <p>Shape: {r5_medinv_shape_15}</p> <p>Comments: {r5_medinv_nt_15}</p> <p>OTC Medication Notes: {r5_medinv_otc_nt_15}</p></div>",,,,,,,"[r5_medinv_qty] = '15' or [r5_medinv_qty] = '16' or [r5_medinv_qty] = '17' or [r5_medinv_qty] = '18' or [r5_medinv_qty] = '19' or [r5_medinv_qty] = '20'",,,,,,
r5_medinv_txt_16,r5_health_history,,descriptive,"<div class=""rich-text-field-label""><p>Drug Name: {r5_medinv_drg_nm_16}</p> <p>Flag: {r5_medinv_flag_16}</p> <p>Dosage: {r5_medinv_dose_16}</p> <p>Units: {r5_medinv_unit_16}</p> <p>#Times per Day: {r5_medinv_per_day_16}</p> <p>Reason Drug was Taken: {r5_medinv_reason_16}</p> <p>Type: {r5_medinv_type_16}</p> <p>Color: {r5_medinv_color_16}</p> <p>Shape: {r5_medinv_shape_16}</p> <p>Comments: {r5_medinv_nt_16}</p> <p>OTC Medication Notes: {r5_medinv_otc_nt_16}</p></div>",,,,,,,"[r5_medinv_qty] = '16' or [r5_medinv_qty] = '17' or [r5_medinv_qty] = '18' or [r5_medinv_qty] = '19' or [r5_medinv_qty] = '20'",,,,,,
r5_medinv_txt_17,r5_health_history,,descriptive,"<div class=""rich-text-field-label""><p>Drug Name: {r5_medinv_drg_nm_17}</p> <p>Flag: {r5_medinv_flag_17}</p> <p>Dosage: {r5_medinv_dose_17}</p> <p>Units: {r5_medinv_unit_17}</p> <p>#Times per Day: {r5_medinv_per_day_17}</p> <p>Reason Drug was Taken: {r5_medinv_reason_17}</p> <p>Type: {r5_medinv_type_17}</p> <p>Color: {r5_medinv_color_17}</p> <p>Shape: {r5_medinv_shape_17}</p> <p>Comments: {r5_medinv_nt_17}</p> <p>OTC Medication Notes: {r5_medinv_otc_nt_17}</p></div>",,,,,,,"[r5_medinv_qty] = '17' or [r5_medinv_qty] = '18' or [r5_medinv_qty] = '19' or [r5_medinv_qty] = '20'",,,,,,
r5_medinv_txt_18,r5_health_history,,descriptive,"<div class=""rich-text-field-label""><p>Drug Name: {r5_medinv_drg_nm_18}</p> <p>Flag: {r5_medinv_flag_18}</p> <p>Dosage: {r5_medinv_dose_18}</p> <p>Units: {r5_medinv_unit_18}</p> <p>#Times per Day: {r5_medinv_per_day_18}</p> <p>Reason Drug was Taken: {r5_medinv_reason_18}</p> <p>Type: {r5_medinv_type_18}</p> <p>Color: {r5_medinv_color_18}</p> <p>Shape: {r5_medinv_shape_18}</p> <p>Comments: {r5_medinv_nt_18}</p> <p>OTC Medication Notes: {r5_medinv_otc_nt_18}</p></div>",,,,,,,"[r5_medinv_qty] = '18' or [r5_medinv_qty] = '19' or [r5_medinv_qty] = '20'",,,,,,
r5_medinv_txt_19,r5_health_history,,descriptive,"<div class=""rich-text-field-label""><p>Drug Name: {r5_medinv_drg_nm_19}</p> <p>Flag: {r5_medinv_flag_19}</p> <p>Dosage: {r5_medinv_dose_19}</p> <p>Units: {r5_medinv_unit_19}</p> <p>#Times per Day: {r5_medinv_per_day_19}</p> <p>Reason Drug was Taken: {r5_medinv_reason_19}</p> <p>Type: {r5_medinv_type_19}</p> <p>Color: {r5_medinv_color_19}</p> <p>Shape: {r5_medinv_shape_19}</p> <p>Comments: {r5_medinv_nt_19}</p> <p>OTC Medication Notes: {r5_medinv_otc_nt_19}</p></div>",,,,,,,"[r5_medinv_qty] = '19' or [r5_medinv_qty] = '20'",,,,,,
r5_medinv_txt_20,r5_health_history,,descriptive,"<div class=""rich-text-field-label""><p>Drug Name: {r5_medinv_drg_nm_20}</p> <p>Flag: {r5_medinv_flag_20}</p> <p>Dosage: {r5_medinv_dose_20}</p> <p>Units: {r5_medinv_unit_20}</p> <p>#Times per Day: {r5_medinv_per_day_20}</p> <p>Reason Drug was Taken: {r5_medinv_reason_20}</p> <p>Type: {r5_medinv_type_20}</p> <p>Color: {r5_medinv_color_20}</p> <p>Shape: {r5_medinv_shape_20}</p> <p>Comments: {r5_medinv_nt_20}</p> <p>OTC Medication Notes: {r5_medinv_otc_nt_20}</p></div>",,,,,,,"[r5_medinv_qty] = '20'",,,,,,
r5_medinv_drg_nm_1,r5_health_history,,text,"<div class=""rich-text-field-label""></div>",,,,,,y,,,LH,,,,
r5_medinv_drg_nm_2,r5_health_history,,text,"<div class=""rich-text-field-label""></div>",,,,,,y,,,LH,,,,
r5_medinv_drg_nm_3,r5_health_history,,text,"<div class=""rich-text-field-label""></div>",,,,,,y,,,LH,,,,
r5_medinv_drg_nm_4,r5_health_history,,text,"<div class=""rich-text-field-label""></div>",,,,,,y,,,LH,,,,
r5_medinv_drg_nm_5,r5_health_history,,text,"<div class=""rich-text-field-label""></div>",,,,,,y,,,LH,,,,
r5_medinv_drg_nm_6,r5_health_history,,text,"<div class=""rich-text-field-label""></div>",,,,,,y,,,LH,,,,
r5_medinv_drg_nm_7,r5_health_history,,text,"<div class=""rich-text-field-label""></div>",,,,,,y,,,LH,,,,
r5_medinv_drg_nm_8,r5_health_history,,text,"<div class=""rich-text-field-label""></div>",,,,,,y,,,LH,,,,
r5_medinv_drg_nm_9,r5_health_history,,text,"<div class=""rich-text-field-label""></div>",,,,,,y,,,LH,,,,
r5_medinv_drg_nm_10,r5_health_history,,text,"<div class=""rich-text-field-label""></div>",,,,,,y,,,LH,,,,
r5_medinv_drg_nm_11,r5_health_history,,text,"<div class=""rich-text-field-label""></div>",,,,,,y,,,LH,,,,
r5_medinv_drg_nm_12,r5_health_history,,text,"<div class=""rich-text-field-label""></div>",,,,,,y,,,LH,,,,
r5_medinv_drg_nm_13,r5_health_history,,text,"<div class=""rich-text-field-label""></div>",,,,,,y,,,LH,,,,
r5_medinv_drg_nm_14,r5_health_history,,text,"<div class=""rich-text-field-label""></div>",,,,,,y,,,LH,,,,
r5_medinv_drg_nm_15,r5_health_history,,text,"<div class=""rich-text-field-label""></div>",,,,,,y,,,LH,,,,
r5_medinv_drg_nm_16,r5_health_history,,text,"<div class=""rich-text-field-label""></div>",,,,,,y,,,LH,,,,
r5_medinv_drg_nm_17,r5_health_history,,text,"<div class=""rich-text-field-label""></div>",,,,,,y,,,LH,,,,
r5_medinv_drg_nm_18,r5_health_history,,text,"<div class=""rich-text-field-label""></div>",,,,,,y,,,LH,,,,
r5_medinv_drg_nm_19,r5_health_history,,text,"<div class=""rich-text-field-label""></div>",,,,,,y,,,LH,,,,
r5_medinv_drg_nm_20,r5_health_history,,text,"<div class=""rich-text-field-label""></div>",,,,,,y,,,LH,,,,
r5_medinv_flag_1,r5_health_history,,radio,"<div class=""rich-text-field-label""></div>","1, Yes",,,,,,,,LH,,,,
r5_medinv_flag_2,r5_health_history,,radio,"<div class=""rich-text-field-label""></div>","1, Yes",,,,,,,,LH,,,,
r5_medinv_flag_3,r5_health_history,,radio,"<div class=""rich-text-field-label""></div>","1, Yes",,,,,,,,LH,,,,
r5_medinv_flag_4,r5_health_history,,radio,"<div class=""rich-text-field-label""></div>","1, Yes",,,,,,,,LH,,,,
r5_medinv_flag_5,r5_health_history,,radio,"<div class=""rich-text-field-label""></div>","1, Yes",,,,,,,,LH,,,,
r5_medinv_flag_6,r5_health_history,,radio,"<div class=""rich-text-field-label""></div>","1, Yes",,,,,,,,LH,,,,
r5_medinv_flag_7,r5_health_history,,radio,"<div class=""rich-text-field-label""></div>","1, Yes",,,,,,,,LH,,,,
r5_medinv_flag_8,r5_health_history,,radio,"<div class=""rich-text-field-label""></div>","1, Yes",,,,,,,,LH,,,,
r5_medinv_flag_9,r5_health_history,,radio,"<div class=""rich-text-field-label""></div>","1, Yes",,,,,,,,LH,,,,
r5_medinv_flag_10,r5_health_history,,radio,"<div class=""rich-text-field-label""></div>","1, Yes",,,,,,,,LH,,,,
r5_medinv_flag_11,r5_health_history,,radio,"<div class=""rich-text-field-label""></div>","1, Yes",,,,,,,,LH,,,,
r5_medinv_flag_12,r5_health_history,,radio,"<div class=""rich-text-field-label""></div>","1, Yes",,,,,,,,LH,,,,
r5_medinv_flag_13,r5_health_history,,radio,"<div class=""rich-text-field-label""></div>","1, Yes",,,,,,,,LH,,,,
r5_medinv_flag_14,r5_health_history,,radio,"<div class=""rich-text-field-label""></div>","1, Yes",,,,,,,,LH,,,,
r5_medinv_flag_15,r5_health_history,,radio,"<div class=""rich-text-field-label""></div>","1, Yes",,,,,,,,LH,,,,
r5_medinv_flag_16,r5_health_history,,radio,"<div class=""rich-text-field-label""></div>","1, Yes",,,,,,,,LH,,,,
r5_medinv_flag_17,r5_health_history,,radio,"<div class=""rich-text-field-label""></div>","1, Yes",,,,,,,,LH,,,,
r5_medinv_flag_18,r5_health_history,,radio,"<div class=""rich-text-field-label""></div>","1, Yes",,,,,,,,LH,,,,
r5_medinv_flag_19,r5_health_history,,radio,"<div class=""rich-text-field-label""></div>","1, Yes",,,,,,,,LH,,,,
r5_medinv_flag_20,r5_health_history,,radio,"<div class=""rich-text-field-label""></div>","1, Yes",,,,,,,,LH,,,,
r5_medinv_unit_1,r5_health_history,,text,,,,,,,y,,,LH,,,,
r5_medinv_unit_2,r5_health_history,,text,,,,,,,y,,,LH,,,,
r5_medinv_unit_3,r5_health_history,,text,,,,,,,y,,,LH,,,,
r5_medinv_unit_4,r5_health_history,,text,,,,,,,y,,,LH,,,,
r5_medinv_unit_5,r5_health_history,,text,,,,,,,y,,,LH,,,,
r5_medinv_unit_6,r5_health_history,,text,,,,,,,y,,,LH,,,,
r5_medinv_unit_7,r5_health_history,,text,,,,,,,y,,,LH,,,,
r5_medinv_unit_8,r5_health_history,,text,,,,,,,y,,,LH,,,,
r5_medinv_unit_9,r5_health_history,,text,,,,,,,y,,,LH,,,,
r5_medinv_unit_10,r5_health_history,,text,,,,,,,y,,,LH,,,,
r5_medinv_unit_11,r5_health_history,,text,,,,,,,y,,,LH,,,,
r5_medinv_unit_12,r5_health_history,,text,,,,,,,y,,,LH,,,,
r5_medinv_unit_13,r5_health_history,,text,,,,,,,y,,,LH,,,,
r5_medinv_unit_14,r5_health_history,,text,,,,,,,y,,,LH,,,,
r5_medinv_unit_15,r5_health_history,,text,,,,,,,y,,,LH,,,,
r5_medinv_unit_16,r5_health_history,,text,,,,,,,y,,,LH,,,,
r5_medinv_unit_17,r5_health_history,,text,,,,,,,y,,,LH,,,,
r5_medinv_unit_18,r5_health_history,,text,,,,,,,y,,,LH,,,,
r5_medinv_unit_19,r5_health_history,,text,,,,,,,y,,,LH,,,,
r5_medinv_unit_20,r5_health_history,,text,,,,,,,y,,,LH,,,,
r5_medinv_dose_1,r5_health_history,,text,,,,num_up_3dp,,,y,,,LH,,,,
r5_medinv_dose_2,r5_health_history,,text,,,,num_up_3dp,,,y,,,LH,,,,
r5_medinv_dose_3,r5_health_history,,text,,,,num_up_3dp,,,y,,,LH,,,,
r5_medinv_dose_4,r5_health_history,,text,,,,num_up_3dp,,,y,,,LH,,,,
r5_medinv_dose_5,r5_health_history,,text,,,,num_up_3dp,,,y,,,LH,,,,
r5_medinv_dose_6,r5_health_history,,text,,,,num_up_3dp,,,y,,,LH,,,,
r5_medinv_dose_7,r5_health_history,,text,,,,num_up_3dp,,,y,,,LH,,,,
r5_medinv_dose_8,r5_health_history,,text,,,,num_up_3dp,,,y,,,LH,,,,
r5_medinv_dose_9,r5_health_history,,text,,,,num_up_3dp,,,y,,,LH,,,,
r5_medinv_dose_10,r5_health_history,,text,,,,num_up_3dp,,,y,,,LH,,,,
r5_medinv_dose_11,r5_health_history,,text,,,,num_up_3dp,,,y,,,LH,,,,
r5_medinv_dose_12,r5_health_history,,text,,,,num_up_3dp,,,y,,,LH,,,,
r5_medinv_dose_13,r5_health_history,,text,,,,num_up_3dp,,,y,,,LH,,,,
r5_medinv_dose_14,r5_health_history,,text,,,,num_up_3dp,,,y,,,LH,,,,
r5_medinv_dose_15,r5_health_history,,text,,,,num_up_3dp,,,y,,,LH,,,,
r5_medinv_dose_16,r5_health_history,,text,,,,num_up_3dp,,,y,,,LH,,,,
r5_medinv_dose_17,r5_health_history,,text,,,,num_up_3dp,,,y,,,LH,,,,
r5_medinv_dose_18,r5_health_history,,text,,,,num_up_3dp,,,y,,,LH,,,,
r5_medinv_dose_19,r5_health_history,,text,,,,num_up_3dp,,,y,,,LH,,,,
r5_medinv_dose_20,r5_health_history,,text,,,,num_up_3dp,,,y,,,LH,,,,
r5_medinv_per_day_1,r5_health_history,,text,,,,integer,,,y,,,LH,,,,
r5_medinv_per_day_2,r5_health_history,,text,,,,integer,,,y,,,LH,,,,
r5_medinv_per_day_3,r5_health_history,,text,,,,integer,,,y,,,LH,,,,
r5_medinv_per_day_4,r5_health_history,,text,,,,integer,,,y,,,LH,,,,
r5_medinv_per_day_5,r5_health_history,,text,,,,integer,,,y,,,LH,,,,
r5_medinv_per_day_6,r5_health_history,,text,,,,integer,,,y,,,LH,,,,
r5_medinv_per_day_7,r5_health_history,,text,,,,integer,,,y,,,LH,,,,
r5_medinv_per_day_8,r5_health_history,,text,,,,integer,,,y,,,LH,,,,
r5_medinv_per_day_9,r5_health_history,,text,,,,integer,,,y,,,LH,,,,
r5_medinv_per_day_10,r5_health_history,,text,,,,integer,,,y,,,LH,,,,
r5_medinv_per_day_11,r5_health_history,,text,,,,integer,,,y,,,LH,,,,
r5_medinv_per_day_12,r5_health_history,,text,,,,integer,,,y,,,LH,,,,
r5_medinv_per_day_13,r5_health_history,,text,,,,integer,,,y,,,LH,,,,
r5_medinv_per_day_14,r5_health_history,,text,,,,integer,,,y,,,LH,,,,
r5_medinv_per_day_15,r5_health_history,,text,,,,integer,,,y,,,LH,,,,
r5_medinv_per_day_16,r5_health_history,,text,,,,integer,,,y,,,LH,,,,
r5_medinv_per_day_17,r5_health_history,,text,,,,integer,,,y,,,LH,,,,
r5_medinv_per_day_18,r5_health_history,,text,,,,integer,,,y,,,LH,,,,
r5_medinv_per_day_19,r5_health_history,,text,,,,integer,,,y,,,LH,,,,
r5_medinv_per_day_20,r5_health_history,,text,,,,integer,,,y,,,LH,,,,
r5_medinv_reason_1,r5_health_history,,text,,,,,,,y,,,LH,,,,
r5_medinv_reason_2,r5_health_history,,text,,,,,,,y,,,LH,,,,
r5_medinv_reason_3,r5_health_history,,text,,,,,,,y,,,LH,,,,
r5_medinv_reason_4,r5_health_history,,text,,,,,,,y,,,LH,,,,
r5_medinv_reason_5,r5_health_history,,text,,,,,,,y,,,LH,,,,
r5_medinv_reason_6,r5_health_history,,text,,,,,,,y,,,LH,,,,
r5_medinv_reason_7,r5_health_history,,text,,,,,,,y,,,LH,,,,
r5_medinv_reason_8,r5_health_history,,text,,,,,,,y,,,LH,,,,
r5_medinv_reason_9,r5_health_history,,text,,,,,,,y,,,LH,,,,
r5_medinv_reason_10,r5_health_history,,text,,,,,,,y,,,LH,,,,
r5_medinv_reason_11,r5_health_history,,text,,,,,,,y,,,LH,,,,
r5_medinv_reason_12,r5_health_history,,text,,,,,,,y,,,LH,,,,
r5_medinv_reason_13,r5_health_history,,text,,,,,,,y,,,LH,,,,
r5_medinv_reason_14,r5_health_history,,text,,,,,,,y,,,LH,,,,
r5_medinv_reason_15,r5_health_history,,text,,,,,,,y,,,LH,,,,
r5_medinv_reason_16,r5_health_history,,text,,,,,,,y,,,LH,,,,
r5_medinv_reason_17,r5_health_history,,text,,,,,,,y,,,LH,,,,
r5_medinv_reason_18,r5_health_history,,text,,,,,,,y,,,LH,,,,
r5_medinv_reason_19,r5_health_history,,text,,,,,,,y,,,LH,,,,
r5_medinv_reason_20,r5_health_history,,text,,,,,,,y,,,LH,,,,
r5_medinv_type_1,r5_health_history,,dropdown,,"1, PRES | 2, OTC",,,,,,,,LH,,,,
r5_medinv_type_2,r5_health_history,,dropdown,,"1, PRES | 2, OTC",,,,,,,,LH,,,,
r5_medinv_type_3,r5_health_history,,dropdown,,"1, PRES | 2, OTC",,,,,,,,LH,,,,
r5_medinv_type_4,r5_health_history,,dropdown,,"1, PRES | 2, OTC",,,,,,,,LH,,,,
r5_medinv_type_5,r5_health_history,,dropdown,,"1, PRES | 2, OTC",,,,,,,,LH,,,,
r5_medinv_type_6,r5_health_history,,dropdown,,"1, PRES | 2, OTC",,,,,,,,LH,,,,
r5_medinv_type_7,r5_health_history,,dropdown,,"1, PRES | 2, OTC",,,,,,,,LH,,,,
r5_medinv_type_8,r5_health_history,,dropdown,,"1, PRES | 2, OTC",,,,,,,,LH,,,,
r5_medinv_type_9,r5_health_history,,dropdown,,"1, PRES | 2, OTC",,,,,,,,LH,,,,
r5_medinv_type_10,r5_health_history,,dropdown,,"1, PRES | 2, OTC",,,,,,,,LH,,,,
r5_medinv_type_11,r5_health_history,,dropdown,,"1, PRES | 2, OTC",,,,,,,,LH,,,,
r5_medinv_type_12,r5_health_history,,dropdown,,"1, PRES | 2, OTC",,,,,,,,LH,,,,
r5_medinv_type_13,r5_health_history,,dropdown,,"1, PRES | 2, OTC",,,,,,,,LH,,,,
r5_medinv_type_14,r5_health_history,,dropdown,,"1, PRES | 2, OTC",,,,,,,,LH,,,,
r5_medinv_type_15,r5_health_history,,dropdown,,"1, PRES | 2, OTC",,,,,,,,LH,,,,
r5_medinv_type_16,r5_health_history,,dropdown,,"1, PRES | 2, OTC",,,,,,,,LH,,,,
r5_medinv_type_17,r5_health_history,,dropdown,,"1, PRES | 2, OTC",,,,,,,,LH,,,,
r5_medinv_type_18,r5_health_history,,dropdown,,"1, PRES | 2, OTC",,,,,,,,LH,,,,
r5_medinv_type_19,r5_health_history,,dropdown,,"1, PRES | 2, OTC",,,,,,,,LH,,,,
r5_medinv_type_20,r5_health_history,,dropdown,,"1, PRES | 2, OTC",,,,,,,,LH,,,,
r5_medinv_shape_1,r5_health_history,,dropdown,,"1, Round | 2, Oval | 3, Capsule | 4, Tear | 5, Triangle | 6, Square | 7, Rectangle | 8, Diamond | 9, Trapezoid | 10, Pentagon | 11, Hexagon | 12, Heptagon | 13, Octagon | 14, Semi-circle | 15, Double-circle | 16, Oblong | 17, Elliptical",,,,,,,,LH,,,,
r5_medinv_shape_2,r5_health_history,,dropdown,,"1, Round | 2, Oval | 3, Capsule | 4, Tear | 5, Triangle | 6, Square | 7, Rectangle | 8, Diamond | 9, Trapezoid | 10, Pentagon | 11, Hexagon | 12, Heptagon | 13, Octagon | 14, Semi-circle | 15, Double-circle | 16, Oblong | 17, Elliptical",,,,,,,,LH,,,,
r5_medinv_shape_3,r5_health_history,,dropdown,,"1, Round | 2, Oval | 3, Capsule | 4, Tear | 5, Triangle | 6, Square | 7, Rectangle | 8, Diamond | 9, Trapezoid | 10, Pentagon | 11, Hexagon | 12, Heptagon | 13, Octagon | 14, Semi-circle | 15, Double-circle | 16, Oblong | 17, Elliptical",,,,,,,,LH,,,,
r5_medinv_shape_4,r5_health_history,,dropdown,,"1, Round | 2, Oval | 3, Capsule | 4, Tear | 5, Triangle | 6, Square | 7, Rectangle | 8, Diamond | 9, Trapezoid | 10, Pentagon | 11, Hexagon | 12, Heptagon | 13, Octagon | 14, Semi-circle | 15, Double-circle | 16, Oblong | 17, Elliptical",,,,,,,,LH,,,,
r5_medinv_shape_5,r5_health_history,,dropdown,,"1, Round | 2, Oval | 3, Capsule | 4, Tear | 5, Triangle | 6, Square | 7, Rectangle | 8, Diamond | 9, Trapezoid | 10, Pentagon | 11, Hexagon | 12, Heptagon | 13, Octagon | 14, Semi-circle | 15, Double-circle | 16, Oblong | 17, Elliptical",,,,,,,,LH,,,,
r5_medinv_shape_6,r5_health_history,,dropdown,,"1, Round | 2, Oval | 3, Capsule | 4, Tear | 5, Triangle | 6, Square | 7, Rectangle | 8, Diamond | 9, Trapezoid | 10, Pentagon | 11, Hexagon | 12, Heptagon | 13, Octagon | 14, Semi-circle | 15, Double-circle | 16, Oblong | 17, Elliptical",,,,,,,,LH,,,,
r5_medinv_shape_7,r5_health_history,,dropdown,,"1, Round | 2, Oval | 3, Capsule | 4, Tear | 5, Triangle | 6, Square | 7, Rectangle | 8, Diamond | 9, Trapezoid | 10, Pentagon | 11, Hexagon | 12, Heptagon | 13, Octagon | 14, Semi-circle | 15, Double-circle | 16, Oblong | 17, Elliptical",,,,,,,,LH,,,,
r5_medinv_shape_8,r5_health_history,,dropdown,,"1, Round | 2, Oval | 3, Capsule | 4, Tear | 5, Triangle | 6, Square | 7, Rectangle | 8, Diamond | 9, Trapezoid | 10, Pentagon | 11, Hexagon | 12, Heptagon | 13, Octagon | 14, Semi-circle | 15, Double-circle | 16, Oblong | 17, Elliptical",,,,,,,,LH,,,,
r5_medinv_shape_9,r5_health_history,,dropdown,,"1, Round | 2, Oval | 3, Capsule | 4, Tear | 5, Triangle | 6, Square | 7, Rectangle | 8, Diamond | 9, Trapezoid | 10, Pentagon | 11, Hexagon | 12, Heptagon | 13, Octagon | 14, Semi-circle | 15, Double-circle | 16, Oblong | 17, Elliptical",,,,,,,,LH,,,,
r5_medinv_shape_10,r5_health_history,,dropdown,,"1, Round | 2, Oval | 3, Capsule | 4, Tear | 5, Triangle | 6, Square | 7, Rectangle | 8, Diamond | 9, Trapezoid | 10, Pentagon | 11, Hexagon | 12, Heptagon | 13, Octagon | 14, Semi-circle | 15, Double-circle | 16, Oblong | 17, Elliptical",,,,,,,,LH,,,,
r5_medinv_shape_11,r5_health_history,,dropdown,,"1, Round | 2, Oval | 3, Capsule | 4, Tear | 5, Triangle | 6, Square | 7, Rectangle | 8, Diamond | 9, Trapezoid | 10, Pentagon | 11, Hexagon | 12, Heptagon | 13, Octagon | 14, Semi-circle | 15, Double-circle | 16, Oblong | 17, Elliptical",,,,,,,,LH,,,,
r5_medinv_shape_12,r5_health_history,,dropdown,,"1, Round | 2, Oval | 3, Capsule | 4, Tear | 5, Triangle | 6, Square | 7, Rectangle | 8, Diamond | 9, Trapezoid | 10, Pentagon | 11, Hexagon | 12, Heptagon | 13, Octagon | 14, Semi-circle | 15, Double-circle | 16, Oblong | 17, Elliptical",,,,,,,,LH,,,,
r5_medinv_shape_13,r5_health_history,,dropdown,,"1, Round | 2, Oval | 3, Capsule | 4, Tear | 5, Triangle | 6, Square | 7, Rectangle | 8, Diamond | 9, Trapezoid | 10, Pentagon | 11, Hexagon | 12, Heptagon | 13, Octagon | 14, Semi-circle | 15, Double-circle | 16, Oblong | 17, Elliptical",,,,,,,,LH,,,,
r5_medinv_shape_14,r5_health_history,,dropdown,,"1, Round | 2, Oval | 3, Capsule | 4, Tear | 5, Triangle | 6, Square | 7, Rectangle | 8, Diamond | 9, Trapezoid | 10, Pentagon | 11, Hexagon | 12, Heptagon | 13, Octagon | 14, Semi-circle | 15, Double-circle | 16, Oblong | 17, Elliptical",,,,,,,,LH,,,,
r5_medinv_shape_15,r5_health_history,,dropdown,,"1, Round | 2, Oval | 3, Capsule | 4, Tear | 5, Triangle | 6, Square | 7, Rectangle | 8, Diamond | 9, Trapezoid | 10, Pentagon | 11, Hexagon | 12, Heptagon | 13, Octagon | 14, Semi-circle | 15, Double-circle | 16, Oblong | 17, Elliptical",,,,,,,,LH,,,,
r5_medinv_shape_16,r5_health_history,,dropdown,,"1, Round | 2, Oval | 3, Capsule | 4, Tear | 5, Triangle | 6, Square | 7, Rectangle | 8, Diamond | 9, Trapezoid | 10, Pentagon | 11, Hexagon | 12, Heptagon | 13, Octagon | 14, Semi-circle | 15, Double-circle | 16, Oblong | 17, Elliptical",,,,,,,,LH,,,,
r5_medinv_shape_17,r5_health_history,,dropdown,,"1, Round | 2, Oval | 3, Capsule | 4, Tear | 5, Triangle | 6, Square | 7, Rectangle | 8, Diamond | 9, Trapezoid | 10, Pentagon | 11, Hexagon | 12, Heptagon | 13, Octagon | 14, Semi-circle | 15, Double-circle | 16, Oblong | 17, Elliptical",,,,,,,,LH,,,,
r5_medinv_shape_18,r5_health_history,,dropdown,,"1, Round | 2, Oval | 3, Capsule | 4, Tear | 5, Triangle | 6, Square | 7, Rectangle | 8, Diamond | 9, Trapezoid | 10, Pentagon | 11, Hexagon | 12, Heptagon | 13, Octagon | 14, Semi-circle | 15, Double-circle | 16, Oblong | 17, Elliptical",,,,,,,,LH,,,,
r5_medinv_shape_19,r5_health_history,,dropdown,,"1, Round | 2, Oval | 3, Capsule | 4, Tear | 5, Triangle | 6, Square | 7, Rectangle | 8, Diamond | 9, Trapezoid | 10, Pentagon | 11, Hexagon | 12, Heptagon | 13, Octagon | 14, Semi-circle | 15, Double-circle | 16, Oblong | 17, Elliptical",,,,,,,,LH,,,,
r5_medinv_shape_20,r5_health_history,,dropdown,,"1, Round | 2, Oval | 3, Capsule | 4, Tear | 5, Triangle | 6, Square | 7, Rectangle | 8, Diamond | 9, Trapezoid | 10, Pentagon | 11, Hexagon | 12, Heptagon | 13, Octagon | 14, Semi-circle | 15, Double-circle | 16, Oblong | 17, Elliptical",,,,,,,,LH,,,,
r5_medinv_color_1,r5_health_history,,dropdown,,"1, White | 2, Red | 3, Orange | 4, Yellow | 5, Green | 6, Turquoise | 7, Blue | 8, Purple | 9, Pink | 10, Black | 11, Gray | 12, White | 13, Brown",,,,,,,,LH,,,,
r5_medinv_color_2,r5_health_history,,dropdown,,"1, White | 2, Red | 3, Orange | 4, Yellow | 5, Green | 6, Turquoise | 7, Blue | 8, Purple | 9, Pink | 10, Black | 11, Gray | 12, White | 13, Brown",,,,,,,,LH,,,,
r5_medinv_color_3,r5_health_history,,dropdown,,"1, White | 2, Red | 3, Orange | 4, Yellow | 5, Green | 6, Turquoise | 7, Blue | 8, Purple | 9, Pink | 10, Black | 11, Gray | 12, White | 13, Brown",,,,,,,,LH,,,,
r5_medinv_color_4,r5_health_history,,dropdown,,"1, White | 2, Red | 3, Orange | 4, Yellow | 5, Green | 6, Turquoise | 7, Blue | 8, Purple | 9, Pink | 10, Black | 11, Gray | 12, White | 13, Brown",,,,,,,,LH,,,,
r5_medinv_color_5,r5_health_history,,dropdown,,"1, White | 2, Red | 3, Orange | 4, Yellow | 5, Green | 6, Turquoise | 7, Blue | 8, Purple | 9, Pink | 10, Black | 11, Gray | 12, White | 13, Brown",,,,,,,,LH,,,,
r5_medinv_color_6,r5_health_history,,dropdown,,"1, White | 2, Red | 3, Orange | 4, Yellow | 5, Green | 6, Turquoise | 7, Blue | 8, Purple | 9, Pink | 10, Black | 11, Gray | 12, White | 13, Brown",,,,,,,,LH,,,,
r5_medinv_color_7,r5_health_history,,dropdown,,"1, White | 2, Red | 3, Orange | 4, Yellow | 5, Green | 6, Turquoise | 7, Blue | 8, Purple | 9, Pink | 10, Black | 11, Gray | 12, White | 13, Brown",,,,,,,,LH,,,,
r5_medinv_color_8,r5_health_history,,dropdown,,"1, White | 2, Red | 3, Orange | 4, Yellow | 5, Green | 6, Turquoise | 7, Blue | 8, Purple | 9, Pink | 10, Black | 11, Gray | 12, White | 13, Brown",,,,,,,,LH,,,,
r5_medinv_color_9,r5_health_history,,dropdown,,"1, White | 2, Red | 3, Orange | 4, Yellow | 5, Green | 6, Turquoise | 7, Blue | 8, Purple | 9, Pink | 10, Black | 11, Gray | 12, White | 13, Brown",,,,,,,,LH,,,,
r5_medinv_color_10,r5_health_history,,dropdown,,"1, White | 2, Red | 3, Orange | 4, Yellow | 5, Green | 6, Turquoise | 7, Blue | 8, Purple | 9, Pink | 10, Black | 11, Gray | 12, White | 13, Brown",,,,,,,,LH,,,,
r5_medinv_color_11,r5_health_history,,dropdown,,"1, White | 2, Red | 3, Orange | 4, Yellow | 5, Green | 6, Turquoise | 7, Blue | 8, Purple | 9, Pink | 10, Black | 11, Gray | 12, White | 13, Brown",,,,,,,,LH,,,,
r5_medinv_color_12,r5_health_history,,dropdown,,"1, White | 2, Red | 3, Orange | 4, Yellow | 5, Green | 6, Turquoise | 7, Blue | 8, Purple | 9, Pink | 10, Black | 11, Gray | 12, White | 13, Brown",,,,,,,,LH,,,,
r5_medinv_color_13,r5_health_history,,dropdown,,"1, White | 2, Red | 3, Orange | 4, Yellow | 5, Green | 6, Turquoise | 7, Blue | 8, Purple | 9, Pink | 10, Black | 11, Gray | 12, White | 13, Brown",,,,,,,,LH,,,,
r5_medinv_color_14,r5_health_history,,dropdown,,"1, White | 2, Red | 3, Orange | 4, Yellow | 5, Green | 6, Turquoise | 7, Blue | 8, Purple | 9, Pink | 10, Black | 11, Gray | 12, White | 13, Brown",,,,,,,,LH,,,,
r5_medinv_color_15,r5_health_history,,dropdown,,"1, White | 2, Red | 3, Orange | 4, Yellow | 5, Green | 6, Turquoise | 7, Blue | 8, Purple | 9, Pink | 10, Black | 11, Gray | 12, White | 13, Brown",,,,,,,,LH,,,,
r5_medinv_color_16,r5_health_history,,dropdown,,"1, White | 2, Red | 3, Orange | 4, Yellow | 5, Green | 6, Turquoise | 7, Blue | 8, Purple | 9, Pink | 10, Black | 11, Gray | 12, White | 13, Brown",,,,,,,,LH,,,,
r5_medinv_color_17,r5_health_history,,dropdown,,"1, White | 2, Red | 3, Orange | 4, Yellow | 5, Green | 6, Turquoise | 7, Blue | 8, Purple | 9, Pink | 10, Black | 11, Gray | 12, White | 13, Brown",,,,,,,,LH,,,,
r5_medinv_color_18,r5_health_history,,dropdown,,"1, White | 2, Red | 3, Orange | 4, Yellow | 5, Green | 6, Turquoise | 7, Blue | 8, Purple | 9, Pink | 10, Black | 11, Gray | 12, White | 13, Brown",,,,,,,,LH,,,,
r5_medinv_color_19,r5_health_history,,dropdown,,"1, White | 2, Red | 3, Orange | 4, Yellow | 5, Green | 6, Turquoise | 7, Blue | 8, Purple | 9, Pink | 10, Black | 11, Gray | 12, White | 13, Brown",,,,,,,,LH,,,,
r5_medinv_color_20,r5_health_history,,dropdown,,"1, White | 2, Red | 3, Orange | 4, Yellow | 5, Green | 6, Turquoise | 7, Blue | 8, Purple | 9, Pink | 10, Black | 11, Gray | 12, White | 13, Brown",,,,,,,,LH,,,,
r5_medinv_nt_1,r5_health_history,,notes,,,,,,,y,,,LH,,,,
r5_medinv_nt_2,r5_health_history,,notes,,,,,,,y,,,LH,,,,
r5_medinv_nt_3,r5_health_history,,notes,,,,,,,y,,,LH,,,,
r5_medinv_nt_4,r5_health_history,,notes,,,,,,,y,,,LH,,,,
r5_medinv_nt_5,r5_health_history,,notes,,,,,,,y,,,LH,,,,
r5_medinv_nt_6,r5_health_history,,notes,,,,,,,y,,,LH,,,,
r5_medinv_nt_7,r5_health_history,,notes,,,,,,,y,,,LH,,,,
r5_medinv_nt_8,r5_health_history,,notes,,,,,,,y,,,LH,,,,
r5_medinv_nt_9,r5_health_history,,notes,,,,,,,y,,,LH,,,,
r5_medinv_nt_10,r5_health_history,,notes,,,,,,,y,,,LH,,,,
r5_medinv_nt_11,r5_health_history,,notes,,,,,,,y,,,LH,,,,
r5_medinv_nt_12,r5_health_history,,notes,,,,,,,y,,,LH,,,,
r5_medinv_nt_13,r5_health_history,,notes,,,,,,,y,,,LH,,,,
r5_medinv_nt_14,r5_health_history,,notes,,,,,,,y,,,LH,,,,
r5_medinv_nt_15,r5_health_history,,notes,,,,,,,y,,,LH,,,,
r5_medinv_nt_16,r5_health_history,,notes,,,,,,,y,,,LH,,,,
r5_medinv_nt_17,r5_health_history,,notes,,,,,,,y,,,LH,,,,
r5_medinv_nt_18,r5_health_history,,notes,,,,,,,y,,,LH,,,,
r5_medinv_nt_19,r5_health_history,,notes,,,,,,,y,,,LH,,,,
r5_medinv_nt_20,r5_health_history,,notes,,,,,,,y,,,LH,,,,
r5_medinv_otc_nt_1,r5_health_history," ",notes,,,,,,,y,,,LH,,,,
r5_medinv_otc_nt_2,r5_health_history,,notes,,,,,,,y,,,LH,,,,
r5_medinv_otc_nt_3,r5_health_history,,notes,,,,,,,y,,,LH,,,,
r5_medinv_otc_nt_4,r5_health_history,,notes,,,,,,,y,,,LH,,,,
r5_medinv_otc_nt_5,r5_health_history,,notes,,,,,,,y,,,LH,,,,
r5_medinv_otc_nt_6,r5_health_history,,notes,,,,,,,y,,,LH,,,,
r5_medinv_otc_nt_7,r5_health_history,,notes,,,,,,,y,,,LH,,,,
r5_medinv_otc_nt_8,r5_health_history,,notes,,,,,,,y,,,LH,,,,
r5_medinv_otc_nt_9,r5_health_history,,notes,,,,,,,y,,,LH,,,,
r5_medinv_otc_nt_10,r5_health_history,,notes,,,,,,,y,,,LH,,,,
r5_medinv_otc_nt_11,r5_health_history,,notes,,,,,,,y,,,LH,,,,
r5_medinv_otc_nt_12,r5_health_history,,notes,,,,,,,y,,,LH,,,,
r5_medinv_otc_nt_13,r5_health_history,,notes,,,,,,,y,,,LH,,,,
r5_medinv_otc_nt_14,r5_health_history,,notes,,,,,,,y,,,LH,,,,
r5_medinv_otc_nt_15,r5_health_history,,notes,,,,,,,y,,,LH,,,,
r5_medinv_otc_nt_16,r5_health_history,,notes,,,,,,,y,,,LH,,,,
r5_medinv_otc_nt_17,r5_health_history,,notes,,,,,,,y,,,LH,,,,
r5_medinv_otc_nt_18,r5_health_history,,notes,,,,,,,y,,,LH,,,,
r5_medinv_otc_nt_19,r5_health_history,,notes,,,,,,,y,,,LH,,,,
r5_medinv_otc_nt_20,r5_health_history,,notes,,,,,,,y,,,LH,,,,
r5_adcsadl_q1,r5_health_history,"<div class=""rich-text-field-label""><div class=""rich-text-field-label""><h5 style=""text-align: center;"">ADCS - ADL</h5></div></div>",radio,"In the past 3 months, how well did you balance a credit card statement, pay bills, or use an ATM to make a withdrawal or deposit?","3, As well as usual, with no difficulty | 2, With a little difficulty | 1, With a lot of difficulty | 0, You did not do this activity",,,,,,,,LV,,,,
r5_adcsadl_q2,r5_health_history,,radio,"In the past 3 months, did you drive a car without getting lost, or did you travel to wherever you needed by using public or other transport?","3, As well as usual, with no difficulty | 2, With a little difficulty | 1, With a lot of difficulty | 0, You did not do this activity",,,,,,,,LV,,,,
r5_adcsadl_q3,r5_health_history,,radio,"In the past 3 months, did you use an appliance (for example, a microwave, dishwasher, vacuum cleaner, or TV remote), or did you carry out household repairs?","3, As well as usual, with no difficulty | 2, With a little difficulty | 1, With a lot of difficulty | 0, You did not do this activity",,,,,,,,LV,,,,
r5_adcsadl_q4,r5_health_history,,radio,"In the past 3 months, did you do the laundry?","3, As well as usual, with no difficulty | 2, With a little difficulty | 1, With a lot of difficulty | 0, You did not do this activity",,,,,,,,LV,,,,
r5_adcsadl_q5,r5_health_history,,radio,"In the past 3 months, did you select and pay for items when shopping?","3, As well as usual, with no difficulty | 2, With a little difficulty | 1, With a lot of difficulty | 0, You did not do this activity",,,,,,,,LV,,,,
r5_adcsadl_q6,r5_health_history,,radio,"In the past 3 months, did you prepare meals or snacks?","3, As well as usual, with no difficulty | 2, With a little difficulty | 1, With a lot of difficulty | 0, You did not do this activity",,,,,,,,LV,,,,
r5_adcsadl_q7,r5_health_history,,radio,"In the past 3 months, how well did you remember important dates and times, such as appointments or meetings?","3, As well as usual, with no difficulty | 2, With a little difficulty | 1, With a lot of difficulty | 0, You did not do this activity",,,,,,,,LV,,,,
r5_adcsadl_q8,r5_health_history,,radio,"In the past 3 months, did you usually find your personal belongings at home - for example keys, glasses, wallet or books?","3, As well as usual, with no difficulty | 2, With a little difficulty | 1, With a lot of difficulty | 0, You did not do this activity",,,,,,,,LV,,,,
r5_adcsadl_q9,r5_health_history,,radio,"In the past 3 months, how well were you able to write things down so that other people understood them (for example, letters or detailed notes or lists)?","3, As well as usual, with no difficulty | 2, With a little difficulty | 1, With a lot of difficulty | 0, You did not do this activity",,,,,,,,LV,,,,
r5_adcsadl_q10,r5_health_history,,radio,"In the past 3 months, how well did you follow TV programs or movies and remember the details of the story?","3, As well as usual, with no difficulty | 2, With a little difficulty | 1, With a lot of difficulty | 0, You did not do this activity",,,,,,,,LV,,,,
r5_adcsadl_q11,r5_health_history,,radio,"In the past 3 months, how well did you talk about and remember current events that you heard or read about?","3, As well as usual, with no difficulty | 2, With a little difficulty | 1, With a lot of difficulty | 0, You did not do this activity",,,,,,,,LV,,,,
r5_adcsadl_q12,r5_health_history,,radio,"In the past 3 months, how well did you make telephone calls, including look up numbers or call directory assistance if necessary?","3, As well as usual, with no difficulty | 2, With a little difficulty | 1, With a lot of difficulty | 0, You did not do this activity",,,,,,,,LV,,,,
r5_adcsadl_q13,r5_health_history,,radio,"In the past 3 months, did you take medications regularly - including prescription or over the counter medications?","3, As well as usual, with no difficulty | 2, With a little difficulty | 1, With a lot of difficulty | 0, You did not do this activity",,,,,,,,LV,,,,
r5_adcsadl_q14,r5_health_history,,radio,"In the past 3 months, did you plan and organize complex activities for you or for groups of people, for example travel, running errands, participating in group activities (such as religious services), or carrying out hobbies or pastimes?","3, As well as usual, with no difficulty | 2, With a little difficulty | 1, With a lot of difficulty | 0, You did not do this activity",,,,,,,,LV,,,,
r5_adcsadl_q15,r5_health_history,,radio,"In the past 3 months, did you complete complex activities such as hobbies or pastimes, for example playing card games, reading books, gardening?","3, As well as usual, with no difficulty | 2, With a little difficulty | 1, With a lot of difficulty | 0, You did not do this activity",,,,,,,,LV,,,,
r5_adcsadl_sc_tot,r5_health_history,,calc,"Total Score:","sum([r5_adcsadl_q1], [r5_adcsadl_q2], [r5_adcsadl_q3], [r5_adcsadl_q4], [r5_adcsadl_q5], [r5_adcsadl_q6], [r5_adcsadl_q7], [r5_adcsadl_q8], [r5_adcsadl_q9], [r5_adcsadl_q10], [r5_adcsadl_q11], [r5_adcsadl_q12], [r5_adcsadl_q13], [r5_adcsadl_q14], [r5_adcsadl_q15])",,,,,,,,LH,,,,
r5_adcsadl_alt_sc,r5_health_history,,notes,"Alternate Score/Comments:",,,,,,y,,,LH,,,,
