﻿"Variable / Field Name","Form Name","Section Header","Field Type","Field Label","Choices, Calculations, OR Slider Labels","Field Note","Text Validation Type OR Show Slider Number","Text Validation Min","Text Validation Max",Identifier?,"Branching Logic (Show field only if...)","Required Field?","Custom Alignment","Question Number (surveys only)","Matrix Group Name","Matrix Ranking?","Field Annotation"
participant_id_p8,p8_physical_performance_battery,,text,"Participant ID:",,,,,,y,,,LH,,,,
session_id_p8,p8_physical_performance_battery,,text,"Session ID:",,,,,,y,,,LH,,,,
session_dt_p8,p8_physical_performance_battery,,text,"Session Date:",,,date_mdy,,,,,,LH,,,,
p8_gaitspeed,p8_physical_performance_battery,"<div class=""rich-text-field-label""><h5 style=""text-align: center;"">Gait (Self Report)</h5></div>",radio,"<div class=""rich-text-field-label""><p>In comparison with other people of your age, how would you describe your walking speed?</p></div>","1, Much slower | 2, Slightly slower | 3, The same | 4, Slightly faster | 5, Much faster",,,,,,,,LV,,,,
p8_motor_q1,p8_physical_performance_battery,"<div class=""rich-text-field-label""><h5 style=""text-align: center;"">Motoric Function Questionnaire</h5> <p> </p> <p>In the last year:</p></div>",yesno,"Do you have difficulty climbing stairs?",,,,,,,,,LV,,,,
p8_motor_q1_a,p8_physical_performance_battery,,radio,"What is the cause of the difficulty?
","1, Arthritis | 2, Fear | 3, Vision | 4, Other {p8_motor_q1_a_oth}",,,,,,"[p8_motor_q1] = '1'",,LV,,,,
p8_motor_q1_a_oth,p8_physical_performance_battery,,text,,,,,,,y,"[p8_motor_q1_a] = '4'",,LH,,,,
p8_motor_q2,p8_physical_performance_battery,,yesno,"Do you have difficulty coming down stairs?",,,,,,,,,LV,,,,
p8_motor_q2_a,p8_physical_performance_battery,,radio,"What is the cause of the difficulty?
","1, Arthritis | 2, Fear | 3, Vision | 4, Other {p8_motor_q2_a_oth}",,,,,,"[p8_motor_q2] = '1'",,LV,,,,
p8_motor_q2_a_oth,p8_physical_performance_battery,,text,,,,,,,y,"[p8_motor_q2_a] = '4'",,LH,,,,
p8_motor_q3,p8_physical_performance_battery,,yesno,"Have you been less active physically?",,,,,,,,,LV,,,,
p8_motor_q4,p8_physical_performance_battery,,yesno,"Do you have any difficulty walking?",,,,,,,,,LV,,,,
p8_motor_q4_a,p8_physical_performance_battery,,yesno,"Have you ever used a cane or walker?",,,,,,,"[p8_motor_q4] = '1'",,LV,,,,
p8_motor_q4_a_i,p8_physical_performance_battery,,radio,"Do you use it in your home, when you go out, or both?","1, In the home | 2, Outside of the home | 3, Both",,,,,,"[p8_motor_q4_a] = '1'",,LV,,,,
p8_motor_q5,p8_physical_performance_battery,,yesno,"Can you go out shopping at least once a week?",,,,,,,,,LV,,,,
p8_motor_q6,p8_physical_performance_battery,"Generally speaking:",yesno,"Do you have a fear of falling?",,,,,,,,,LV,,,,
p8_motor_q7,p8_physical_performance_battery,,yesno,"Over the last year have you had any falling accidents?",,,,,,,,,LV,,,,
p8_motor_q7_a,p8_physical_performance_battery,,radio,"How many times? ","1, 1 | 2, 2 | 3, 3 | 4, 4 | 5, 5-10 | 6, 10 or more",,,,,,"[p8_motor_q7] = '1'",,LV,,,,
p8_motor_q8,p8_physical_performance_battery,,radio,"How far can you walk in an hour (on level ground)?","1, Less than a quarter mile | 2, Quarter to half mile | 3, Half to one mile | 4, More than one mile",,,,,,,,LV,,,,
p8_motor_q9,p8_physical_performance_battery,,radio,"How far can you walk without taking a break (on level ground)?","1, Less than a quarter mile | 2, Quarter to half mile | 3, Half to one mile | 4, More than one mile",,,,,,,,LV,,,,
p8_motor_q10,p8_physical_performance_battery,,radio,"How is your walking compared to 5 years ago?","1, No change | 2, A little slower/more difficult | 3, Moderately slower/more difficult | 4, Severely slower/more difficult",,,,,,,,LV,,,,
p8_sppb_txt,p8_physical_performance_battery,"<div class=""rich-text-field-label""><h5 dir=""ltr"" style=""text-align: center;"">SHORT PHYSICAL PERFORMANCE BATTERY</h5></div>",descriptive,"<div class=""rich-text-field-label""><p dir=""ltr"">All of the tests should be performed in the same order as they are presented in this protocol. Instructions to the participants are shown in bold italic and should be given exactly as they are written in this script.</p> <h5 dir=""ltr""><span style=""text-decoration: underline;""><em>1. Balance Tests</em></span></h5> <p dir=""ltr"">The participant must be able to stand unassisted without the use of a cane or walker. You may help the participant to get up.</p> <p dir=""ltr""><em>Now let's begin the evaluation. I would now like you to try to move your body in different movements. I will first describe and show each movement to you. Then I'd like you to try to do it. If you cannot do a particular movement, or if you feel it would be unsafe to try to do it, tell me and we'll move on to the next one. Let me emphasize that I do not want you to try to do any exercise that you feel might be unsafe. </em></p> <p dir=""ltr"">Do you have any questions before we begin?</p> <p dir=""ltr""><span style=""text-decoration: underline;"">A. Side-by-Side Stand</span></p> <ul> <li dir=""ltr"" aria-level=""1""> <p dir=""ltr"" role=""presentation""><em>Now I will show you the first movement. </em>(Demonstrate)<em> I want you to try to stand with your feet together, side-by-side, for about 10 seconds. You may use your arms, bend your knees, or move your body to maintain your balance, but try not to move your feet. Try to hold this position until I tell you to stop.</em></p> </li> <li dir=""ltr"" aria-level=""1""> <p dir=""ltr"" role=""presentation"">Stand next to the participant to help him/her into the side-by-side position. Supply just enough support to the participant's arm to prevent loss of balance. When the participant has his/her feet together, ask <em>""Are you ready?""</em> Then let go and begin timing as you say, <em>""Ready, begin.""</em></p> </li> <li dir=""ltr"" aria-level=""1""> <p dir=""ltr"" role=""presentation"">Stop the stopwatch and say <em>""Stop""</em> after 10 seconds or when the participant steps out of position or grabs your arm. If participant is unable to hold the position for 10 seconds, skip remaining balance tests and go to the gait speed test.</p> </li> </ul> <p> </p></div>",,,,,,,,,,,,,
p8_sppb_q1,p8_physical_performance_battery,,radio,"<div class=""rich-text-field-label""><p><strong id=""docs-internal-guid-4384ebfe-7fff-064f-ed86-84b9cc0d9663"">Side-by-Side Stand Results:</strong></p></div>","1, Held for 10 sec | 2, Not held for 10 sec | 3, Not attempted",,,,,,,,LV,,,,
p8_sppb_q1_a,p8_physical_performance_battery,,text,"Number of seconds held if less than 10 sec (enter number with 2 decimal places)
",,,number_2dp,0,10,y,"[p8_sppb_q1] = '2'",,LV,,,,
p8_sppb_q1_b,p8_physical_performance_battery,,radio,"<div class=""rich-text-field-label""><p dir=""ltr"">If participant did not attempt test or failed, select why:</p></div>","1, Tried but unable | 2, Participant could not hold position unassisted | 3, Not attempted, researcher felt unsafe | 4, Not attempted, participant felt unsafe | 5, Participant unable to understand instructions | 6, Participant refused | 7, Other (specify) {p8_sppb_q1_b_oth}",,,,,,"[p8_sppb_q1] = '2' or [p8_sppb_q1] = '3'",,LV,,,,
p8_sppb_q1_b_oth,p8_physical_performance_battery,,text,,,,,,,y,"[p8_sppb_q1_b] = '7'",,LV,,,,
p8_sppb_txt_1,p8_physical_performance_battery,,descriptive,"<div class=""rich-text-field-label""><p dir=""ltr""><span style=""text-decoration: underline;"">B. Semi-Tandem Stand</span></p> <ul> <li dir=""ltr"" aria-level=""1""> <p dir=""ltr"" role=""presentation""><em>Now I will show you the second movement. </em>(Demonstrate)<em> Now I want you to try to stand with the side of the heel of one foot touching the big toe of the other foot for about 10 seconds. You may put either foot in front, whichever is more comfortable for you. You may use your arms, bend your knees, or move your body to maintain your balance, but try not to move your feet. Try to hold this position until I tell you to stop.</em></p> </li> <li dir=""ltr"" aria-level=""1""> <p dir=""ltr"" role=""presentation"">Stand next to the participant to help him/her into the semi-tandem position. Supply just enough support to the participant's arm to prevent loss of balance. When the participant has his/her feet together, ask <em>""Are you ready?""</em> Then let go and begin timing as you say <em>""Ready, begin.""</em></p> </li> </ul> <p><strong id=""docs-internal-guid-7c80352a-7fff-5b0b-cfab-55bc12bff03c"">Stop the stopwatch and say <em>""Stop""</em> after 10 seconds or when the participant steps out of position or grabs your arm. If participant is unable to hold the position for 10 seconds, skip the remaining balance test and go to the gait speed test.</strong></p></div>",,,,,,,"[p8_sppb_q1] = '1'",,,,,,
p8_sppb_q2,p8_physical_performance_battery,,radio,"Semi-Tandem Stand Results:
","1, Held for 10 sec | 2, Not held for 10 sec | 3, Not attempted",,,,,,"[p8_sppb_q1] = '1'",,LV,,,,
p8_sppb_q2_a,p8_physical_performance_battery,,text,"Number of seconds held if less than 10 sec (enter number with 2 decimal places)",,,number_2dp,0,10,y,"[p8_sppb_q2] = '2'",,LV,,,,
p8_sppb_q2_b,p8_physical_performance_battery,,radio,"<div class=""rich-text-field-label""><p dir=""ltr"">If participant did not attempt test or failed, select why:</p></div>","1, Tried but unable | 2, Participant could not hold position unassisted | 3, Not attempted, researcher felt unsafe | 4, Not attempted, participant felt unsafe | 5, Participant unable to understand instructions | 6, Participant refused | 7, Other (specify) {p8_sppb_q2_b_oth}",,,,,,"[p8_sppb_q2] = '2' or [p8_sppb_q2] = '3'",,LV,,,,
p8_sppb_q2_b_oth,p8_physical_performance_battery,,text,,,,,,,y,"[p8_sppb_q2_b] = '7'",,LV,,,,
p8_sppb_txt_2,p8_physical_performance_battery,,descriptive,"<div class=""rich-text-field-label""><p dir=""ltr""><span style=""text-decoration: underline;"">C. Tandem Stand</span></p> <ul> <li dir=""ltr"" aria-level=""1""> <p dir=""ltr"" role=""presentation""><em>Now I will show you the third movement. </em>(Demonstrate)<em> Now I want you to try to stand with the heel of one foot in front of and touching the toes of the other foot for about 10 seconds. You may put either foot in front, whichever is more comfortable for you. You may use your arms, bend your knees, or move your body to maintain your balance, but try not to move your feet. Try to hold this position until I tell you to stop.</em></p> </li> <li dir=""ltr"" aria-level=""1""> <p dir=""ltr"" role=""presentation"">Stand next to the participant to help him/her into the tandem position. Supply just enough support to the participant's arm to prevent loss of balance. When the participant has his/her feet together, ask <em>""Are you ready?""</em> Then let go and begin timing as you say, <em>""Ready, begin.""</em></p> </li> <li dir=""ltr"" aria-level=""1""> <p dir=""ltr"" role=""presentation""><strong id=""docs-internal-guid-e0c21962-7fff-aa01-ad73-90e3a67490eb"">Stop the stopwatch and say <em>""Stop""</em> after 10 seconds or when the participant steps out of position or grabs your arm.</strong></p> </li> </ul></div>",,,,,,,"[p8_sppb_q2] = '1'",,,,,,
p8_sppb_q3,p8_physical_performance_battery,,radio,"<div class=""rich-text-field-label""><p dir=""ltr"">Tandem Stand Results:</p></div>","1, Held for 10 sec | 2, Held for 3 to 9.99 sec | 3, Held for < 3 sec | 4, Not attempted",,,,,,"[p8_sppb_q2] = '1'",,LV,,,,
p8_sppb_q3_a,p8_physical_performance_battery,,text,"Number of seconds held if less than 10 sec (enter number with 2 decimal places)",,,number_2dp,0,10,y,"[p8_sppb_q3] = '2'",,LV,,,,
p8_sppb_q3_a_1,p8_physical_performance_battery,,text,"Number of seconds held if less than 10 sec (enter number with 2 decimal places)",,,number_2dp,0,10,y,"[p8_sppb_q3] = '3'",,LV,,,,
p8_sppb_q3_b,p8_physical_performance_battery,,radio,"<div class=""rich-text-field-label""><p dir=""ltr"">If participant did not attempt test or failed, select why:</p></div>","1, Tried but unable | 2, Participant could not hold position unassisted | 3, Not attempted, researcher felt unsafe | 4, Not attempted, participant felt unsafe | 5, Participant unable to understand instructions | 6, Participant refused | 7, Other (specify) {p8_sppb_q3_b_oth}",,,,,,"[p8_sppb_q3] = '4'",,LV,,,,
p8_sppb_q3_b_oth,p8_physical_performance_battery,,text,,,,,,,y,"[p8_sppb_q3_b] = '7'",,LV,,,,
p8_sppb_nt,p8_physical_performance_battery,,notes,Comments:,,,,,,y,,,LV,,,,
p8_sppb_up,p8_physical_performance_battery,,file,"Upload File:",,,,,,y,,,LV,,,,
p8_sppb_txt_3,p8_physical_performance_battery,,descriptive,"<div class=""rich-text-field-label""><h5 dir=""ltr"" style=""text-align: left;""><em><span style=""text-decoration: underline;"">2. Gait Speed Test</span></em></h5> <p dir=""ltr""><em>Now I am going to observe how you normally walk. If you use a cane or other walking aid and you feel you need it to walk a short distance, then you may use it.</em></p> <p dir=""ltr""><span style=""text-decoration: underline;"">A. 4 Meter Gait Speed Test</span></p> <ul> <li dir=""ltr"" aria-level=""1""> <p dir=""ltr"" role=""presentation""><em>This is our walking course. I want you to walk to the first mark on the floor at your usual speed, just as if you were walking down the street to go to the store. </em>(Demonstrate the walk for the participant.) </p> </li> <li dir=""ltr"" aria-level=""1""> <p dir=""ltr"" role=""presentation""><em>Walk all the way past the other end of the tape before you stop. I will walk with you. Do you feel this would be safe?</em></p> </li> <li dir=""ltr"" aria-level=""1""> <p dir=""ltr"" role=""presentation"">Have the participant stand with both feet touching the starting line. <em>Say: When I want you to start, I will say: ""Ready, begin.""</em> When the participant acknowledges this instruction, say: <em>""Ready, begin.""</em></p> </li> <li dir=""ltr"" aria-level=""1""> <p dir=""ltr"" role=""presentation"">Press the start/stop button to start the stopwatch as the participant begins walking. Walk behind and to the side of the participant. Stop timing when one of the participant's feet is completely across the end line.</p> </li> </ul> <p> </p></div>",,,,,,,"[p8_sppb_q1] = '2' or [p8_sppb_q1] = '3' or [p8_sppb_q2] = '2' or [p8_sppb_q2] = '3' or [p8_sppb_q3] = '1' or [p8_sppb_q3] = '2' or [p8_sppb_q3] = '3' or [p8_sppb_q3] = '4'",,,,,,
p8_sppb_q4,p8_physical_performance_battery,,yesno,"Was the 4 Meter Gait Speed Test completed?",,,,,,,"[p8_sppb_q1] = '2' or [p8_sppb_q1] = '3' or [p8_sppb_q2] = '2' or [p8_sppb_q2] = '3' or [p8_sppb_q3] = '1' or [p8_sppb_q3] = '2' or [p8_sppb_q3] = '3' or [p8_sppb_q3] = '4'",,LV,,,,
p8_sppb_q4_a,p8_physical_performance_battery,,text,"Time (sec) for 4 meters",,,number_2dp,0,,y,"[p8_sppb_q4] = '1'",,LV,,,,
p8_sppb_q4_b,p8_physical_performance_battery,,radio,"If participant did not attempt test or failed, select why:","1, Tried but unable | 2, Participant could not walk unassisted | 3, Not attempted, researcher felt unsafe | 4, Not attempted, participant felt unsafe | 5, Participant unable to understand instructions | 6, Participant refused | 7, Other (specify) {p8_sppb_q4_b_oth}",,,,,,"[p8_sppb_q4] = '0'",,LV,,,,
p8_sppb_q4_b_oth,p8_physical_performance_battery,,text,,,,,,,y,"[p8_sppb_q4_b] = '7'",,LV,,,,
p8_sppb_q4_c,p8_physical_performance_battery,,radio,"<div class=""rich-text-field-label""><p dir=""ltr"" role=""presentation"">Aids for first walk:</p></div>","1, None | 2, Cane | 3, Walker | 4, Other {p8_sppb_q4_c_oth}",,,,,,"[p8_sppb_q4] = '1' or [p8_sppb_q4] = '0'",,LV,,,,
p8_sppb_q4_c_oth,p8_physical_performance_battery,,text,,,,,,,y,"[p8_sppb_q4_c] = '4'",,LV,,,,
p8_sppb_txt_4,p8_physical_performance_battery,,descriptive,"<div class=""rich-text-field-label""><p dir=""ltr""><span style=""text-decoration: underline;"">B. 8 Meter Gait Speed Test</span></p> <ul> <li dir=""ltr"" aria-level=""1""> <p dir=""ltr"" role=""presentation""><em>Now I want you to walk to the second mark on the floor. Remember to walk at your usual pace, and go all the way past the piece of tape.</em></p> </li> <li dir=""ltr"" aria-level=""1""> <p dir=""ltr"" role=""presentation"">Have the participant stand with both feet touching the starting line. Say: <em>When I want you to start, I will say: ""Ready, begin.""</em> When the participant acknowledges this instruction, say: <em>""Ready, begin.""</em></p> </li> <li dir=""ltr"" aria-level=""1""> <p dir=""ltr"" role=""presentation"">Press the start/stop button to start the stopwatch as the participant begins walking. Walk behind and to the side of the participant. Stop timing when one of the participant's feet is completely across the end line.</p> </li> </ul> <p> </p></div>",,,,,,,"[p8_sppb_q4] = '1'",,,,,,
p8_sppb_q5,p8_physical_performance_battery,,yesno,"<div class=""rich-text-field-label""><p dir=""ltr""><strong id=""docs-internal-guid-e47f4306-7fff-bbe7-ab10-cd59a305a557"">Was the 8 Meter Gait Speed Test completed?</strong></p></div>",,,,,,,"[p8_sppb_q4] = '1'",,LV,,,,
p8_sppb_q5_a,p8_physical_performance_battery,,text,"<div class=""rich-text-field-label""><p><strong id=""docs-internal-guid-d9d1a4f0-7fff-5f02-eb5c-cbfadc0244ec"">Time (sec) for 8 meters</strong></p></div>",,,number_2dp,0,,y,"[p8_sppb_q5] = '1'",,LV,,,,
p8_sppb_q5_b,p8_physical_performance_battery,,radio,"<div class=""rich-text-field-label""><p dir=""ltr"">If participant did not attempt test or failed, select why:</p></div>","1, Tried but unable | 2, Participant could not walk unassisted | 3, Not attempted, researcher felt unsafe | 4, Not attempted, participant felt unsafe | 5, Participant unable to understand instructions | 6, Participant refused | 7, Other (specify) {p8_sppb_q5_b_oth}",,,,,,"[p8_sppb_q5] = '0'",,LV,,,,
p8_sppb_q5_b_oth,p8_physical_performance_battery,,text,,,,,,,y,"[p8_sppb_q5_b] = '7'",,LV,,,,
p8_sppb_q5_c,p8_physical_performance_battery,,radio,"<div class=""rich-text-field-label""><p dir=""ltr"" role=""presentation"">Aids for second walk:</p></div>","1, None | 2, Cane | 3, Walker | 4, Other {p8_sppb_q5_c_oth}",,,,,,"[p8_sppb_q5] ='0' or [p8_sppb_q5] ='1'",,LV,,,,
p8_sppb_q5_c_oth,p8_physical_performance_battery,,text,,,,,,,y,"[p8_sppb_q5_c] = '4'",,LV,,,,
p8_sppb_nt_1,p8_physical_performance_battery,,notes,Comments:,,,,,,y,"[p8_sppb_q4] = '0' or [p8_sppb_q4] = '1'",,LV,,,,
p8_sppb_up_2,p8_physical_performance_battery,,file,"Upload File:",,,,,,y,"[p8_sppb_q4] = '0' or [p8_sppb_q4] = '1'",,LV,,,,
p8_sppb_txt_5,p8_physical_performance_battery,,descriptive,"<div class=""rich-text-field-label""><h5 dir=""ltr""><em><span style=""text-decoration: underline;"">3. Chair Stand Test</span></em></h5> <ul> <li dir=""ltr"" aria-level=""1""> <p dir=""ltr"" role=""presentation""><em>Let's do the last movement test. Do you think it would be safe for you to try to stand up from a chair without using your arms? </em></p> </li> <li dir=""ltr"" aria-level=""1""> <p dir=""ltr"" role=""presentation""><em>The next test measures the strength in your legs.</em> (Demonstrate and explain the procedure.) <em>First, fold your arms across your chest and sit so that your feet are on the floor; then stand up keeping your arms folded across your chest. Please stand up keeping your arms folded across your chest.</em> (Record result).</p> </li> <li dir=""ltr"" aria-level=""1""> <p dir=""ltr"" role=""presentation""><strong id=""docs-internal-guid-76ac868b-7fff-8580-10da-18f51f707473"">If participant cannot rise without using arms, say <em>""Okay, try to stand up using your arms.""</em> This is the end of their test.</strong></p> </li> </ul></div>",,,,,,,"[p8_sppb_q4] = '0' or [p8_sppb_q5] = '0' or [p8_sppb_q5] = '1'",,,,,,
p8_sppb_q6,p8_physical_performance_battery,,yesno,"<div class=""rich-text-field-label""><p><span style=""text-decoration: underline;"">A. Single Chair Stand Test</span><br>Does the participant think it would be safe to stand without help?</p></div>",,,,,,,"[p8_sppb_q4] = '0' or [p8_sppb_q5] = '0' or [p8_sppb_q5] = '1'",,LV,,,,
p8_sppb_q6_a,p8_physical_performance_battery,,radio,"Single Chair Stand Test Result","1, Participant stood without using arms | 2, Participant used arms to stand | 3, Test not completed",,,,,,"[p8_sppb_q6] = '1'",,LV,,,,
p8_sppb_q6_b,p8_physical_performance_battery,,radio,"If participant did not attempt test or failed, select why:","1, Tried but unable | 2, Participant could not stand unassisted | 3, Not attempted, researcher felt unsafe | 4, Not attempted, participant felt unsafe | 5, Participant unable to understand instructions | 6, Participant refused | 7, Other (specify) {p8_sppb_q6_b_oth}",,,,,,"[p8_sppb_q6_a] = '2' or [p8_sppb_q6_a] = '3'",,LV,,,,
p8_sppb_q6_b_oth,p8_physical_performance_battery,,text,,,,,,,y,"[p8_sppb_q6_b] = '7'",,LV,,,,
p8_sppb_q7_txt,p8_physical_performance_battery,,descriptive,"<div class=""rich-text-field-label""><p dir=""ltr""><span style=""text-decoration: underline;"">B. Repeated Chair Stand Test</span></p> <ul> <li dir=""ltr"" aria-level=""1""> <p dir=""ltr"" role=""presentation""><em>Do you think it would be safe for you to try to stand up from a chair five times without using your arms?</em></p> </li> <li dir=""ltr"" aria-level=""1""> <p dir=""ltr"" role=""presentation"">(Demonstrate and explain the procedure): <em>Please stand up straight as QUICKLY as you can five times, without stopping in between. After standing up each time, sit down and then stand up again. Keep your arms folded across your chest. I'll be timing you with a stopwatch.</em></p> </li> <li dir=""ltr"" aria-level=""1""> <p dir=""ltr"" role=""presentation"">When the participant is properly seated, say: <em>""Ready? Stand""</em> and begin timing. Count out loud as the participant arises each time, up to five times.Stop the stopwatch when he/she has straightened up completely for the fifth time.</p> </li> <li dir=""ltr"" aria-level=""1""> <p dir=""ltr"" role=""presentation"">Stop the task if: </p> <ul> <li dir=""ltr"" aria-level=""2""> <p dir=""ltr"" role=""presentation"">Participant becomes tired or short of breath during repeated chair stands. </p> </li> <li dir=""ltr"" aria-level=""2""> <p dir=""ltr"" role=""presentation"">Participant uses his/her arms</p> </li> <li dir=""ltr"" aria-level=""2""> <p dir=""ltr"" role=""presentation"">After 1 minute, if participant has not completed rises</p> </li> <li dir=""ltr"" aria-level=""2""> <p dir=""ltr"" role=""presentation"">At your discretion, if concerned for participant's safety</p> </li> </ul> </li> <li dir=""ltr"" aria-level=""2""> <p dir=""ltr"" role=""presentation"">If the participant stops and appears to be fatigued before completing the five stands, confirm this by asking <em>""Can you continue?""</em> If participant says ""Yes,"" continue timing. If participant says ""No,"" stop and reset the stopwatch.</p> </li> </ul> <p> </p></div>",,,,,,,"[p8_sppb_q6_a] = '1'",,,,,,
p8_sppb_q7,p8_physical_performance_battery,,yesno,"Does the participant think it would be safe to stand 5 times?
",,,,,,,"[p8_sppb_q6_a] = '1'",,LV,,,,
p8_sppb_q7_a,p8_physical_performance_battery,,yesno,"Did the participant complete 5 chair stands successfully?
",,,,,,,"[p8_sppb_q7] = '1'",,LV,,,,
p8_sppb_q7_a_1,p8_physical_performance_battery,,text,"Time (seconds) to complete five stands",,,number_2dp,0,,y,"[p8_sppb_q7_a] = '1'",,LV,,,,
p8_sppb_q7_b,p8_physical_performance_battery,,radio,"If participant did not attempt test or failed, select why:","1, Tried but unable | 2, Participant could not stand unassisted | 3, Not attempted, researcher felt unsafe | 4, Not attempted, participant felt unsafe | 5, Participant unable to understand instructions | 6, Participant refused | 7, Other (specify) {p8_sppb_q7_b_oth}",,,,,,"[p8_sppb_q7] = '0' or [p8_sppb_q7_a] = '0'",,LV,,,,
p8_sppb_q7_b_oth,p8_physical_performance_battery,,text,,,,,,,y,"[p8_sppb_q7_b] = '7'",,LV,,,,
p8_sppb_nt_2,p8_physical_performance_battery,,notes,Comments:,,,,,,y,"[p8_sppb_q6] = '0' or [p8_sppb_q6] = '1'",,LH,,,,
p8_sppb_up_1,p8_physical_performance_battery,,file,"Upload File:",,,,,,y,"[p8_sppb_q6] = '0' or [p8_sppb_q6] = '1'",,LH,,,,
