﻿"Variable / Field Name","Form Name","Section Header","Field Type","Field Label","Choices, Calculations, OR Slider Labels","Field Note","Text Validation Type OR Show Slider Number","Text Validation Min","Text Validation Max",Identifier?,"Branching Logic (Show field only if...)","Required Field?","Custom Alignment","Question Number (surveys only)","Matrix Group Name","Matrix Ranking?","Field Annotation"
participant_id_cdr_s,cdr_subject," ",text,"Participant ID:",,,,,,y,,,LV,,,,
cdr_s_examine,cdr_subject,,text,"Examiner Initials:",,,,,,y,,,LH,,,,
cdr_s_date,cdr_subject,,text,Date:,,YYYY-MM-DD,date_mdy,,,,,,LV,,,,
cdr_s_txt,cdr_subject," ",descriptive,"This is a semi-structured interview. Please ask all of these questions. Ask any additional questions necessary to determine the subject's CDR. Please note information from the additional questions.",,,,,,,,,,,,,
cdr_s_prob_think,cdr_subject,"<div class=""rich-text-field-label""><h5>Memory Questions for Subject:</h5></div>",yesno,"Do you have problems with memory or thinking?",,,,,,,,,LH,,,,
cdr_s_txt_2,cdr_subject,,descriptive,"A few moments ago your (spouse, etc.) told me a few recent experiences you had. Will you tell me something about those? (Prompt for details, if needed such as location of the event, time of day, participants, how long the event was, when it ended and how the subject or other participants got there).

Within 1 week: 
{cdr_s_recent_evnt_wk}
{cdr_s_recent_evnt_wk_sc}
Within 1 month:
{cdr_s_recent_evnt_month}
{cdr_s_recent_evnt_month_sc}",,,,,,,,,,,,,
cdr_s_recent_evnt_wk,cdr_subject,,notes,,,,,,,y,,,LH,,,,
cdr_s_recent_evnt_wk_sc,cdr_subject,,radio,,"1, 1.0 - Largely correct | 0.5, 0.5 | 0, 0.0 - Largely incorrect",,,,,,,,LV,,,,
cdr_s_recent_evnt_month,cdr_subject,,notes,,,,,,,y,,,LH,,,,
cdr_s_recent_evnt_month_sc,cdr_subject,,radio,,"1, 1.0 - Largely correct | 0.5, 0.5 | 0, 0.0 - Largely incorrect",,,,,,,,LV,,,,
cdr_s_john,cdr_subject,"I will give you a name and address to remember for a few minutes. Repeat this name and address after me: (Repeat until the phrase is correctly repeated or to a maximum of three trials).

(Check elements repeated correctly in each trial).",checkbox,John,"1, Trial 1 | 2, Trial 2 | 3, Trial 3",,,,,,,,,,cdr_s_adress_st,,
cdr_s_brown,cdr_subject,,checkbox,Brown,"1, Trial 1 | 2, Trial 2 | 3, Trial 3",,,,,,,,,,cdr_s_adress_st,,
cdr_s_42,cdr_subject,,checkbox,42,"1, Trial 1 | 2, Trial 2 | 3, Trial 3",,,,,,,,,,cdr_s_adress_st,,
cdr_s_marketst,cdr_subject,,checkbox,"Market Street.","1, Trial 1 | 2, Trial 2 | 3, Trial 3",,,,,,,,,,cdr_s_adress_st,,
cdr_s_chicago,cdr_subject,,checkbox,Chicago,"1, Trial 1 | 2, Trial 2 | 3, Trial 3",,,,,,,,,,cdr_s_adress_st,,
cdr_s_born_when,cdr_subject,,text,"When were you born?",,,,,,y,,,LH,,,,
cdr_s_born_where,cdr_subject,,text,"Where were you born? ",,,,,,y,,,LH,,,,
cdr_s_school_nm,cdr_subject,,text,"What was the last school you attended?

Name:",,,,,,y,,,LH,,,,
cdr_s_school_place,cdr_subject,,text,Place:,,,,,,y,,,LH,,,,
cdr_s_school_grade,cdr_subject,,text,Grade:,,,,,,y,,,LH,,,,
cdr_s_job_main,cdr_subject,,text,"What was your main occupation job (or spouse if not employed)?",,,,,,y,,,LH,,,,
cdr_s_job_last,cdr_subject,,text,"What was your last major job (or spouse if not employed)?",,,,,,y,,,LH,,,,
cdr_s_retire,cdr_subject,,text,"When did you (or spouse) retire and why?",,,,,,y,,,LH,,,,
cdr_s_john_2,cdr_subject,"Repeat the name and address I asked you to remember:

(Check elements repeated correctly)",radio,John,"1, Correct",,,,,,,,,,cdr_s_adress_st_2,,
cdr_s_brown_2,cdr_subject,,radio,Brown,"1, Correct",,,,,,,,,,cdr_s_adress_st_2,,
cdr_s_42_2,cdr_subject,,radio,42,"1, Correct",,,,,,,,,,cdr_s_adress_st_2,,
cdr_s_marketst_2,cdr_subject,,radio,"Market Street","1, Correct",,,,,,,,,,cdr_s_adress_st_2,,
cdr_s_chicago_2,cdr_subject,,radio,Chicago,"1, Correct",,,,,,,,,,cdr_s_adress_st_2,,
cdr_s_nt_1,cdr_subject,,notes,Notes:,,,,,,y,,,LH,,,,
cdr_s_txt_3,cdr_subject,"<div class=""rich-text-field-label""><h5>Orientation Questions for Subject:</h5></div>",descriptive,"Record the subject's answer verbatim for each question.

What is the date today?

{cdr_s_today_dt}
{cdr_s_today_dt_sc}

What day of the week is it?

{cdr_s_day_wk}
{cdr_s_day_wk_sc}

What is the month?

{cdr_s_month}
{cdr_s_month_sc}

What is the year?

{cdr_s_yr}
{cdr_s_yr_sc}

What time is it?

{cdr_s_tm}
{cdr_s_tm_sc}

Who is the president of the United States?

{cdr_s_president}
{cdr_s_president_sc}

Who is the vice president of the United States?

{cdr_s_vicepresident}
{cdr_s_vicepresident_sc}

What is the season? 

{cdr_s_szn}
{cdr_s_szn_sc}

What are some holidays that are coming up?

{cdr_s_holiday}
{cdr_s_holiday_sc}

Where are you now? (home address if applicable)

{cdr_s_where_now}
{cdr_s_where_now_sc}

Does the subject know who the informant is (in your judgment)?

{cdr_s_know_informant}
{cdr_s_know_informant_sc}",,,,,,,,,,,,,
cdr_s_today_dt,cdr_subject,,text,,,,,,,,,,RH,,,,
cdr_s_today_dt_sc,cdr_subject,,radio,,"1, Correct | 0, Incorrect",,,,,,,,RH,,,,
cdr_s_day_wk,cdr_subject,,text,,,,,,,,,,RH,,,,
cdr_s_day_wk_sc,cdr_subject,,radio,,"1, Correct | 0, Incorrect",,,,,,,,RH,,,,
cdr_s_month_sc,cdr_subject,,radio,,"1, Correct | 0, Incorrect",,,,,,,,RH,,,,
cdr_s_month,cdr_subject,,text,,,,,,,,,,RH,,,,
cdr_s_yr_sc,cdr_subject,,radio,,"1, Correct | 0, Incorrect",,,,,,,,RH,,,,
cdr_s_yr,cdr_subject,,text,,,,,,,,,,RH,,,,
cdr_s_tm_sc,cdr_subject,,radio,,"1, Correct | 0, Incorrect",,,,,,,,RH,,,,
cdr_s_tm,cdr_subject,,text,,,,,,,,,,RH,,,,
cdr_s_president_sc,cdr_subject,,radio,,"1, Correct | 0, Incorrect",,,,,,,,RH,,,,
cdr_s_president,cdr_subject,,text,,,,,,,y,,,RH,,,,
cdr_s_vicepresident_sc,cdr_subject,,radio,,"1, Correct | 0, Incorrect",,,,,,,,RH,,,,
cdr_s_vicepresident,cdr_subject,,text,,,,,,,y,,,RH,,,,
cdr_s_szn_sc,cdr_subject,,radio,,"1, Correct | 0, Incorrect",,,,,,,,RH,,,,
cdr_s_szn,cdr_subject,,text,,,,,,,y,,,RH,,,,
cdr_s_holiday_sc,cdr_subject,,radio,,"1, Correct | 0, Incorrect",,,,,,,,RH,,,,
cdr_s_holiday,cdr_subject,,text,,,,,,,y,,,RH,,,,
cdr_s_where_now_sc,cdr_subject,,radio,,"1, Correct | 0, Incorrect",,,,,,,,RH,,,,
cdr_s_know_informant_sc,cdr_subject,,radio,,"1, Correct | 0, Incorrect",,,,,,,,RH,,,,
cdr_s_know_informant,cdr_subject,,text,,,,,,,y,,,RH,,,,
cdr_s_where_now,cdr_subject,,text,,,,,,,y,,,RH,,,,
cdr_s_nt_2,cdr_subject,,notes,Notes:,,,,,,y,,,LH,,,,
cdr_s_sim_txt_4,cdr_subject,"<div class=""rich-text-field-label""><h5>Judgment and Problem-Solving Questions for Subject:</h5> <p> </p> <h6>Similarities:</h6></div>",descriptive,"<div class=""rich-text-field-label""><p>Instructions: If initial response by subject does not merit a grade 0, press the matter to identify the subject's best understanding of the problem. Circle nearest response.<br><br>Example: ""How are a pencil and pen alike? (writing instruments)<br><br>How are these things alike?<br><br>turnip......cauliflower {cdr_s_sim_vegetables}<br>{cdr_s_sim_vegetables_sc} <br><br>desk......bookcase {cdr_s_sim_furniture}<br>{cdr_s_sim_furniture_sc}</p></div>",,,,,,,,,,,,,
cdr_s_sim_vegetables,cdr_subject,,text,,,,,,,y,,,LV,,,,
cdr_s_sim_vegetables_sc,cdr_subject,,radio,,"0, 0 - vegetables | 1, 1 - edible foods, living things, can be cooked, etc. | 2, 2 - answers not pertinent; differences; buy them",,,,,,,,LV,,,,
cdr_s_sim_furniture,cdr_subject,,text,,,,,,,y,,,LV,,,,
cdr_s_sim_furniture_sc,cdr_subject,,radio,,"0, 0 - furniture, office furniture; both hold books | 1, 1 - wooden, legs | 2, 2 - not pertinent, differences",,,,,,,,LV,,,,
cdr_txt_5,cdr_subject,"<div class=""rich-text-field-label""><h6>Differences:</h6></div>",descriptive,"Example: ""What is the difference between sugar and vinegar? (sweet vs. sour) What is the difference between these things?

lie......mistake     {cdr_s_diff_intent}
{cdr_s_diff_intent_sc}

river......canal     {cdr_s_diff_natural}
{cdr_s_diff_natural_sc}",,,,,,,,,,,,,
cdr_s_diff_intent,cdr_subject,,text,,,,,,,,,,LH,,,,
cdr_s_diff_intent_sc,cdr_subject,,radio,,"0, 0 - one deliberate, one unintentional | 1, 1 - one bad the other good - or explains only one | 2, 2 - anything else, similarities)",,,,,,,,LV,,,,
cdr_s_diff_natural,cdr_subject,,text,,,,,,,y,,,LH,,,,
cdr_s_diff_natural_sc,cdr_subject,,radio,,"0, 0 - natural - artificial | 1, 1 - anything else",,,,,,,,LV,,,,
cdr_s_nickels,cdr_subject,"<div class=""rich-text-field-label""><h6>Calculations:</h6></div>",radio,"How many nickels in a dollar? [Answer: 20]","1, Correct | 0, Incorrect",,,,,,,,LH,,,,
cdr_s_quarters,cdr_subject,,radio,"How many quarters in $6.75? [Answer: 27]","1, Correct | 0, Incorrect",,,,,,,,LH,,,,
cdr_s_subtract,cdr_subject,,radio,"Subtract 3 from 20 and keep subtracting 3 from each new number all the way down. [Answer: 17, 14, 11, 8, 5, 2]","1, Correct | 0, Incorrect",,,,,,,,LH,,,,
cdr_s_locate_friend,cdr_subject,"<div class=""rich-text-field-label""><h6>Judgment:</h6></div>",radio,"Upon arriving to a strange city, how would you locate a friend that you wished to see?","0, 0 - try the telephone book, go to the courthouse for a directory; call a mutual friend | 1, 1 - call the police; call operator will not usually give address | 2, 2 - no clear response",,,,,,,,LV,,,,
cdr_s_understanding,cdr_subject,,radio,"Subject's assessment of disability and station in life and understanding of why she/she is present at the examination (may have covered, but rate here):","1, Good insight | 2, Partial insight | 3, Little insight",,,,,,,,LV,,,,
cdr_s_nt_3,cdr_subject,,notes,Notes:,,,,,,y,,,LH,,,,
