﻿"Variable / Field Name","Form Name","Section Header","Field Type","Field Label","Choices, Calculations, OR Slider Labels","Field Note","Text Validation Type OR Show Slider Number","Text Validation Min","Text Validation Max",Identifier?,"Branching Logic (Show field only if...)","Required Field?","Custom Alignment","Question Number (surveys only)","Matrix Group Name","Matrix Ranking?","Field Annotation"
participant_id_cdr_inf,cdr_informant,,text,"Participant ID:",,,,,,,,,LH,,,,
date_cdr_inf,cdr_informant,,text,Date:,,YYYY-MM-DD,date_mdy,,,,,,LH,,,,
cdr_inf_examine,cdr_informant,,text,"Examiner Initials:",,,,,,y,,,LH,,,,
cdr_inf_nm,cdr_informant,,text,"Informant Name:",,,,,,y,,,LH,,,,
cdr_inf_rlntshp,cdr_informant,,text,"Relationship to Participant:",,,,,,y,,,LH,,,,
cdr_inf_txt,cdr_informant,,descriptive," This is a semi-structured interview. Please ask all of these questions. Ask any additional questions necessary to determine the subject's CDR. Please note information from the additional questions.",,,,,,,,,,,,,
cdr_inf_mem_prob,cdr_informant,"<div class=""rich-text-field-label""><h5>Memory Questions for Informant/Clinician:</h5></div>",yesno,"Does he/she have a problem with his/her memory or thinking?",,,,,,,,,LH,,,,
cdr_inf_mem_prob_a,cdr_informant,,yesno,"If yes, is this a consistent problem? 
(as opposed to inconsistent)",,,,,,,"[cdr_inf_mem_prob] = '1'",,LH,,,,
cdr_inf_recall_event,cdr_informant,,radio,"Can he/she recall recent events?","2, Usually | 1, Sometimes | 0, Rarely",,,,,,,,LH,,,,
cdr_inf_remember_list,cdr_informant,,radio,"Can he/she remember a short list of items?
(e.g. shopping)","2, Usually | 1, Sometimes | 0, Rarely",,,,,,,,LH,,,,
cdr_inf_mem_decline_yr,cdr_informant,,yesno,"Has there been some decline in memory during the past year?",,,,,,,,,LH,,,,
cdr_inf_mem_impair_adl,cdr_informant,,yesno,"Is his/her memory impaired to such a degree that it would have interfered with his/her activities of daily life a few years ago?
(Pre-retirement activities (collateral sources opinion))",,,,,,,,,LH,,,,
cdrforgetmajoreventscl,cdr_informant,,radio,"Does he/she completely forget a major event within a few weeks of the event?
(e.g., trip, party, family wedding)","2, Usually | 1, Sometimes | 0, Rarely",,,,,,,,LH,,,,
cdr_inf_forget_detail_evnt,cdr_informant,,radio,"Does he/she forget pertinent details of the major event?","2, Usually | 1, Sometimes | 0, Rarely",,,,,,,,LH,,,,
cdr_inf_forget_past_info,cdr_informant,,radio,"Does he/she completely forget important information of the distant past?
(e.g., birthdate, wedding date, place of employment)","2, Usually | 1, Sometimes | 0, Rarely",,,,,,,,LH,,,,
cdr_inf_nt_1,cdr_informant,,notes,Notes:,,,,,,y,,,LH,,,,
cdr_inf_txt_2,cdr_informant,,descriptive,"Tell me about some recent event in his/her life that he/she should remember. (For later testing, obtain details such as location of the event, time of day, participants, how long the event was, when it ended and how the subject or other participants got there).

Within 1 week:
{cdr_inf_recent_evnt_wk}
Within 1 month:
{cdr_inf_recent_evnt_month}",,,,,,,,,,,,,
cdr_inf_recent_evnt_wk,cdr_informant,,notes,,,,,,,y,,,LH,,,,
cdr_inf_recent_evnt_month,cdr_informant,,notes,,,,,,,y,,,LH,,,,
cdr_inf_born_when,cdr_informant,,text,"When was he/she born?",,,,,,y,,,,,,,
cdr_inf_born_where,cdr_informant,,text,"Where was he/she born?",,,,,,y,,,,,,,
cdr_inf_txt_3,cdr_informant,,descriptive,"What was the last school he/she attended?

Name: {cdr_inf_school_nm}

Place: {cdr_inf_school_place}

Grade: {cdr_inf_school_grade}",,,,,,,,,,,,,
cdr_inf_school_nm,cdr_informant,,text,,,,,,,y,,,,,,,
cdr_inf_school_place,cdr_informant,,text,,,,,,,y,,,,,,,
cdr_inf_school_grade,cdr_informant,,text,,,,,,,y,,,,,,,
cdr_inf_job_main,cdr_informant," ",text,"What was his/her main occupation?
(or spouse's job if subject was not employed)",,,,,,y,,,LH,,,,
cdr_inf_job_last,cdr_informant,,text,"What was his/her last major job?
(or spouse's job if subject was not employed)",,,,,,y,,,LH,,,,
cdr_inf_retire,cdr_informant,,notes,"When did he/she (or spouse) retire and why?",,,,,,y,,,LH,,,,
cdr_inf_txt_4,cdr_informant,"<div class=""rich-text-field-label""><h5>Orientation Questions for Informant:</h5></div>",descriptive,"<div class=""rich-text-field-label""><p>How often does he/she know of the exact:<br><br>Date of the Month?</p> <p>{cdr_inf_know_dt_month}<br><br>Month?<br>{cdr_inf_know_month}</p> <p><br>Year?<br>{cdr_inf_know_yr}</p> <p><br>Day of the Week?</p> <p>{cdr_inf_know_day_wk}<br><br>Does he/she have difficulty with time relationships (when events happened in relation to each other)? <br><span style=""color: #e03e2d;"">This refers to both the sequence of events within a day or a week or over several months and/or duration of time since an event occurred.</span></p> <p>{cdr_inf_diff_tm_rltnshp}<br><br>Can he/she find his/her way about familiar streets?</p> <p>{cdr_inf_find_way}<br><br>How often does he/she know how to get from one place to another outside his/her neighborhood?</p> <p>{cdr_inf_know_get_place}<br><br>How often can he/she find his/her way about indoors?</p> <p>{cdr_find_way_indoors}</p></div>",,,,,,,,,,,,,
cdr_inf_know_dt_month,cdr_informant,,radio,,"2, Usually | 1, Sometimes | 0, Rarely | 9, Don't Know",,,,,,,,LH,,,,
cdr_inf_know_month,cdr_informant,,radio,,"2, Usually | 1, Sometimes | 0, Rarely | 9, Don't Know",,,,,,,,LH,,,,
cdr_inf_know_yr,cdr_informant,,radio,,"2, Usually | 1, Sometimes | 0, Rarely | 9, Don't Know",,,,,,,,LH,,,,
cdr_inf_know_day_wk,cdr_informant,,radio,,"2, Usually | 1, Sometimes | 0, Rarely | 9, Don't Know",,,,,,,,LH,,,,
cdr_inf_diff_tm_rltnshp,cdr_informant,,radio,,"2, Usually | 1, Sometimes | 0, Rarely | 9, Don't Know",,,,,,,,LH,,,,
cdr_inf_find_way,cdr_informant,,radio,,"2, Usually | 1, Sometimes | 0, Rarely | 9, Don't Know",,,,,,,,LH,,,,
cdr_inf_know_get_place,cdr_informant,,radio,,"2, Usually | 1, Sometimes | 0, Rarely | 9, Don't Know",,,,,,,,LH,,,,
cdr_find_way_indoors,cdr_informant,,radio,,"2, Usually | 1, Sometimes | 0, Rarely | 9, Don't Know",,,,,,,,LH,,,,
cdr_inf_nt_2,cdr_informant,,notes,Notes:,,,,,,y,,,LH,,,,
cdr_inf_ability_prob_solve,cdr_informant,"<div class=""rich-text-field-label""><h5>Judgment and Problem Solving Questions for Informant:</h5></div>",radio,"In general, if you had to rate his/her abilities to solve problems at the present time, would you consider them:","0, As good as they have ever been | 1, Good, but not as good as before | 2, Fair | 3, Poor | 4, No ability at all",,,,,,,,LV,,,,
cdr_inf_ability_sum_money,cdr_informant,,radio,"Rate his/her ability to cope with small sums of money (e.g., make change, leave a small tip):","0, No loss | 1, Some loss | 2, Severe loss",,,,,,,,LV,,,,
cdr_inf_ability_finance,cdr_informant,,radio,"Rate his/her ability to handle complicated financial or business transactions (e.g., balance check-book, pay bills):","0, No loss | 1, Some loss | 2, Severe loss",,,,,,,,LV,,,,
cdr_inf_handle_emergency,cdr_informant,,radio,"Can he/she handle a household emergency (e.g., plumbing leak, small fire)?","0, As well as before | 1, Worse than before because of trouble thinking | 2, Worse than before, another reason",,,,,,,,LV,,,,
cdr_inf_handle_emergency_a,cdr_informant,,notes,Why?,,,,,,y,"[cdr_inf_handle_emergency] = '2'",,LH,,,,
cdr_inf_understand_xplntn,cdr_informant,,radio,"Can he/she understand situations or explanations?","2, Usually | 1, Sometimes | 0, Rarely | 9, Don't Know",,,,,,,,LV,,,,
cdr_inf_behave_approp,cdr_informant,,radio,"Does he/she behave* appropriately in social situations and interactions with other people? [i.e., in his/her usual
(premorbid) manner] *This item rates behavior, not appearance.","2, Usually | 1, Sometimes | 0, Rarely | 9, Don't Know",,,,,,,,LV,,,,
cdr_inf_nt_3,cdr_informant,,notes,"It is useful to inquire about any problems with judgment such as whether the participant is having lapses of judgment that could lead to dangerous or unsafe situations.

Notes:",,,,,,y,,,LH,,,,
cdr_inf_still_working,cdr_informant,"<div class=""rich-text-field-label""><h5>Community Affairs Questions for Informant:<br><br></h5> <h6>Occupational:</h6></div>",radio,"Is the subject still working?","1, Yes | 0, No | 9, N/A",,,,,,,,LV,,,,
cdr_inf_mem_contribute_ret,cdr_informant,,radio,"Did memory or thinking problems contribute to the subject's decision to retire?","1, Yes | 0, No | 9, Don't Know",,,,,,"[cdr_inf_still_working] = '0'",,LV,,,,
cdr_inf_diff_job_prob_mem,cdr_informant,,radio,"Does the subject have significant difficulty in his/her job because of problems with memory or thinking?","0, Rarely or Never | 1, Sometimes | 2, Usually | 9, Don't Know",,,,,,"[cdr_inf_still_working] = '1'",,LV,,,,
cdr_inf_drive_ever,cdr_informant,"<div class=""rich-text-field-label""><h6>Social:</h6></div>",yesno,"Did he/she ever drive a car?",,,,,,,,,LH,,,,
cdr_inf_drive_ever_a,cdr_informant,,yesno,"Does the subject drive a car now?",,,,,,,"[cdr_inf_drive_ever] = '1'",,LH,,,,
cdr_inf_drive_ever_b,cdr_informant,,yesno,"If no, is this because of memory or thinking problems?",,,,,,,"[cdr_inf_drive_ever_a] = '0'",,LH,,,,
cdr_inf_drive_still_risks,cdr_informant,,yesno,"If he/she is still driving, are there problems or risks because of poor thinking?",,,,,,,"[cdr_inf_drive_ever_a] = '1'",,LH,,,,
cdr_inf_shop_independent,cdr_informant,,radio,"Is he/she able to independently shop for needs?","0, Rarely or Never (Needs to be accompanied on any shopping trip) | 1, Sometimes (Shops for limited number of items; buys duplicate items or forgets needed items) | 2, Usually | 9, Don't know",,,,,,,,LV,,,,
cdr_inf_shop_nt,cdr_informant,,notes,"Please add notes if needed to clarify subject's level of functioning in this area.",,,,,,y,,,LH,,,,
cdr_inf_activity_outside,cdr_informant,,radio,"Is he/she able to independently carry out activities outside the home?","0, Rarely or Never (Generally unable to perform activities without help) | 1, Sometimes (Limited and/or routine, e.g., superficial participation in church or meetings; trips to beauty parlor) | 2, Usually (Meaningful participation in activities, e. g., voting) | 9, Don't know",,,,,,,,LV,,,,
cdr_inf_activity_nt,cdr_informant,,notes,Notes:,,,,,,y,,,LH,,,,
cdr_inf_soc_func_outside,cdr_informant,,yesno,"Is he/she taken to social functions outside a family home?",,,,,,,,,LH,,,,
cdr_inf_soc_func_outside_a,cdr_informant,,notes,"Why not?",,,,,,y,"[cdr_inf_soc_func_outside] = '0'",,LH,,,,
cdr_inf_observer_thnk_ill,cdr_informant,,yesno,"Would a casual observer of the subject's behavior think the subject was ill?",,,,,,,,,LH,,,,
cdr_inf_part_well_soc_func,cdr_informant,,yesno,"If in nursing home, does he/she participate well in social functions (thinking)?",,,,,,,,,LH,,,,
cdr_inf_nt_4,cdr_informant,,notes,"<div class=""rich-text-field-label""><p>Is there enough information available to rate the subject's level of impairment in community affairs? If not, <span style=""text-decoration: underline;"">please probe further</span>.</p> <p>Community Affairs: Such as going to church, visiting with friends or family, political activities, professional organizations such as bar association, other professional groups, social clubs, service organizations, educational programs.</p></div>",,,,,,y,,,LH,,,,
cdr_inf_change_ablty_chr,cdr_informant,"<div class=""rich-text-field-label""><h5>Home and Hobbies Questions for Informant:</h5></div>",notes,"What changes have occurred in his/her abilities to perform household chores?",,,,,,y,,,LH,,,,
cdr_inf_change_ablty_chr_a,cdr_informant,,notes,"What can he/she still do well?",,,,,,y,,,LH,,,,
cdr_inf_change_ablty_hby,cdr_informant,,notes,"What changes have occurred in his/her abilities to perform hobbies?",,,,,,y,,,LH,,,,
cdr_inf_change_ablty_hby_a,cdr_informant,,notes,"What can he/she still do well?",,,,,,y,,,LH,,,,
cdr_inf_nurse_hm_not_do,cdr_informant,,notes,"If in nursing home, what can he/she no longer do well (H and H)?",,,,,,y,,,LH,,,,
cdr_inf_able_prfrm_task,cdr_informant,"<div class=""rich-text-field-label""><h5>Everyday Activities (Blessed):</h5></div>",radio,"Ability to perform household tasks","0, 0 - No loss | 0.5, 0.5 - Some loss | 1, 1 - Severe Loss",,,,,,,,LV,,,,
cdr_inf_able_prfrm_task_a,cdr_informant,,notes,"Please describe:",,,,,,y,"[cdr_inf_able_prfrm_task] = '0.5' or [cdr_inf_able_prfrm_task] = '1'",,LH,,,,
cdr_inf_able_prfrm_lvl,cdr_informant,,radio,"Is he/she able to perform household chores at the level of:
(Pick one. Informant does not need to be asked directly)","0, No meaningful function (Performs simple activities, such as making a bed, only with much supervision) | 1, Functions in limited activities only (With some supervision, washes dishes with acceptable cleanliness; sets table) | 2, Function independently in some activities (Operates appliances, such as vacuum cleaner; prepares simple meals) | 3, Functions in usual activities but not at usual level | 4, Normal function in usual activities",,,,,,,,LV,,,,
cdr_inf_nt_5,cdr_informant,,notes,"<div class=""rich-text-field-label""><p>IMPORTANT:</p> <p>If there is not enough information available to rate the subject's level of impairment in home & hobbies, please probe further.<br><br><span style=""text-decoration: underline;"">Homemaking Tasks:</span> Such as cooking, laundry, cleaning, grocery shopping, taking out garbage, yard work, simple car maintenance, and basic home repair.<br><br><span style=""text-decoration: underline;"">Hobbies:</span> Sewing, painting, handicrafts, reading, entertaining, photography, gardening, going to theater or symphony, woodworking, participation in sports.</p></div>",,,,,,y,,,LH,,,,
cdr_personal_care_dress,cdr_informant,"<div class=""rich-text-field-label""><h5>Personal Care Questions for Informant:</h5> <p> </p> <p><strong id=""docs-internal-guid-0325b730-7fff-6bf2-d2b7-6d69e15ec400"">*What is your estimate of his/her mental ability in the following areas:</strong></p></div>",radio,Dressing:,"0, 0 - Unaided | 1, 1 - Occasionally misplaced buttons, etc. | 2, 2 - Wrong sequence commonly forgotten items | 3, 3 - Unable to dress",,,,,,,,LV,,,,
cdr_personal_care_groom,cdr_informant,,radio,"Washing, grooming:","0, 0 - Unaided | 1, 1 - Needs prompting | 2, 2 - Sometimes needs help | 3, 3 - Always or nearly always needs help",,,,,,,,LV,,,,
cdr_personal_care_eating,cdr_informant,,radio,"Eating Habits:","0, 0 - Cleanly; proper utensils | 1, 1 - Messily; spoon | 2, 2 - Simple solids | 3, 3 - Has to be fed completely",,,,,,,,LV,,,,
cdr_personal_care_sphinct,cdr_informant,,radio,"Sphincter control","0, 0 - Normal complete control | 1, 1 - Occasionally wets bed | 2, 2 - Frequently wets bed | 3, 3 - Doubly incontinent",,,,,,,,LV,,,,
cdr_inf_nt_6,cdr_informant,,notes,"*A box-score of 1 can be considered if the subject's personal care is impaired from a previous level, even if they do not receive prompting.

Additional Notes:",,,,,,y,,,LH,,,,
cdr_inf_memory_sc,cdr_informant,"<div class=""rich-text-field-label""><h5>Scoring</h5></div>",radio,Memory,"0, 0 - No memory loss or slight inconsistent forgetfulness | 0.5, 0.5 - Consistent slight forgetfulness; partial recollection of events; ""benign"" forgetfulness | 1, 1 - Moderate memory loss; more marked for recent events; defect interferes with everyday activities | 2, 2 - Severe memory loss; only highly learned material retained; new material rapidly lost | 3, 3 - Severe memory loss; only fragments remain",,,,,,,,LV,,,,
cdr_inf_orientation_sc,cdr_informant,,radio,Orientation,"0, 0 - Fully oriented | 0.5, 0.5 - Fully oriented except for slight difficulty with time relationships | 1, 1 - Moderate difficulty with time relationships; oriented for place at examination; may have geographic disorientation elsewhere | 2, 2 - Severe difficulty with time relationships; usually disoriented to time; often to place | 3, 3 - Orientation to person only",,,,,,,,LV,,,,
cdr_inf_judgement_sc,cdr_informant,,radio,"Judgement & Problem Solving","0, 0 - Solves everyday problems & handles business & financial affairs well; judgement good in relation to past performance | 0.5, 0.5 - Slight impairment in solving problems, similarities, and differences | 1, 1 - Moderate difficulty in handling problems, similarities, and differences; social judgement usually maintained | 2, 2 - Severely impaired in handling problems, similarities, and differences; social judgement usually impaired | 3, 3 - Unable to make judgements or solve problems",,,,,,,,LV,,,,
cdr_inf_community_sc,cdr_informant,,radio,"Community Affairs","0, 0 - Independent function at usual level in job, shopping, volunteer, and social groups | 0.5, 0.5 - Slight impairment in these activities | 1, 1 -Unable to function independently at these activities although may still be engaged in some; appears normal to casual inspection | 2, 2 - No pretense of independent function outside home. Appears well enough to be taken to functions outside a family home | 3, 3 - No pretense of independent function outside home. Appears too ill to be taken to functions outside a family home",,,,,,,,LV,,,,
cdr_inf_hobbies_sc,cdr_informant,,radio,"Home and Hobbies","0, 0 - Life at home, hobbies, and intellectual interests maintained | 0.5, 0.5 - Life at home, hobbies, and intellectual interests slightly impaired | 1, 1 - Mild but definite impairment of function at home; more difficult chores abandoned; more complicated hobbies and interests abandoned | 2, 2 - Only simple chores preserved; very restricted interests; poorly maintained | 3, 3 - No significant function in home",,,,,,,,LV,,,,
cdr_inf_care_sc,cdr_informant,,radio,"Personal Care","0, 0 -Full capable of self-care | 1, 1 - Needs prompting | 2, 2 - Requires assistance in dressing, hygiene, keeping of personal effects | 3, 3 -Requires much help with personal care; frequent incontinence",,,,,,,,LV,,,,
cdr_inf_nt_8,cdr_informant,,notes,"Score only as decline from previous usual level due to cognitive loss, not impairment due to other factors.

CDR sum of boxes: {cdr_inf_sum_boxes}

Notes:",,,,,,y,,,LH,,,,
cdr_inf_sum_boxes,cdr_informant,,calc,,"sum([cdr_inf_care_sc], [cdr_inf_hobbies_sc], [cdr_inf_community_sc], [cdr_inf_judgement_sc], [cdr_inf_orientation_sc], [cdr_inf_memory_sc])",,,,,,,,LV,,,,
cdr_inf_global_sc,cdr_informant,,radio,"<div class=""rich-text-field-label""><p>Clinical Dementia Rating (CDR) Global Score:<br><br>After completing the CDR interview and scoring the domain box scores (scores are auto populated below), go to the Washington University website on a separate device, enter each of the domain box scores, and press the ""Submit"" button.<br><br></p> <table style=""border-collapse: collapse; width: 99.9843%; height: 170.26px;"" border=""1""><colgroup><col style=""width: 50.0188%;""><col style=""width: 49.9514%;""></colgroup> <tbody> <tr style=""height: 24.3229px;""> <td style=""background-color: #c2e0f4;"" colspan=""2"">Domain Box Scores</td> </tr> <tr style=""height: 24.3229px;""> <td>Memory</td> <td>[cdr_inf_memory_sc]</td> </tr> <tr style=""height: 24.3229px;""> <td>Orientation</td> <td>[cdr_inf_orientation_sc]</td> </tr> <tr style=""height: 24.3229px;""> <td>Judgement and Problem Solving</td> <td>[cdr_inf_judgement_sc]</td> </tr> <tr style=""height: 24.3229px;""> <td>Community Affairs</td> <td>[cdr_inf_community_sc]</td> </tr> <tr style=""height: 24.3229px;""> <td>Home and Hobbies</td> <td>[cdr_inf_hobbies_sc]</td> </tr> <tr style=""height: 24.3229px;""> <td>Personal Care</td> <td>[cdr_inf_care_sc]</td> </tr> </tbody> </table> <p> </p> <p>Enter the CDR Global Score below:</p> <p>CDR Global Score:</p></div>","0, 0 | 0.5, 0.5 | 1, 1 | 2, 2 | 3, 3",,,,,,,,LV,,,,
cdr_inf_file_up,cdr_informant,,file,"Upload Image:",,,,,,y,,,LH,,,,
cdr_inf_rubric_txt,cdr_informant,,descriptive,"<div class=""rich-text-field-label""><h5 style=""text-align: center;"">CLINICAL DEMENTIA RATING (CDR)</h5> <h6 style=""text-align: center;""><strong> </strong></h6> <div dir=""ltr"" style=""text-align: center;""> <table style=""border-collapse: collapse; border-color: #000000; border-style: solid; margin-left: auto; margin-right: auto;"" border=""1""><colgroup><col width=""138""><col width=""96""><col width=""96""><col width=""96""><col width=""90""><col width=""96""></colgroup> <tbody> <tr> <td style=""text-align: center; border-color: #000000;""> <h6 dir=""ltr"">CLINICAL DEMENTIA RATING (CDR):</h6> </td> <td style=""text-align: center; border-color: #000000;""> <h6 dir=""ltr"">0</h6> </td> <td style=""text-align: center; border-color: #000000;""> <h6 dir=""ltr"">0.5</h6> </td> <td style=""text-align: center; border-color: #000000;""> <h6 dir=""ltr"">1</h6> </td> <td style=""text-align: center; border-color: #000000;""> <h6 dir=""ltr"">2</h6> </td> <td style=""border-color: #000000;""> <h6 dir=""ltr"" style=""text-align: center;"">3</h6> </td> </tr> </tbody> </table> </div> <p style=""text-align: center;""><strong> </strong></p> <div dir=""ltr""> <table style=""width: 60.7576%; height: 1423.77px; border-collapse: collapse; border-color: #000000; margin-left: auto; margin-right: auto;"" border=""1""><colgroup><col style=""width: 14.9145%;"" width=""134""><col style=""width: 16.6288%;"" width=""154""><col style=""width: 17.3145%;"" width=""154""><col style=""width: 18.0003%;"" width=""153""><col style=""width: 16.9717%;"" width=""154""><col style=""width: 16.286%;"" width=""153""></colgroup> <tbody> <tr style=""height: 44.7483px;""> <td style=""border-color: #000000; text-align: center;"" rowspan=""2""> </td> <td style=""background-color: #ced4d9; border-color: #000000; text-align: center;"" colspan=""5""> <p dir=""ltr"" style=""text-align: center;"">Impairment</p> </td> </tr> <tr style=""height: 72.9514px;""> <td style=""border-color: #000000; text-align: center;""> <p dir=""ltr"" style=""text-align: center;"">None</p> <p dir=""ltr"" style=""text-align: center;"">0</p> </td> <td style=""border-color: #000000; text-align: center;""> <p dir=""ltr"" style=""text-align: center;"">Questionable</p> <p dir=""ltr"" style=""text-align: center;"">0.5</p> </td> <td style=""border-color: #000000; text-align: center;""> <p dir=""ltr"" style=""text-align: center;"">Mild</p> <p dir=""ltr"" style=""text-align: center;"">1</p> </td> <td style=""border-color: #000000; text-align: center;""> <p dir=""ltr"" style=""text-align: center;"">Moderate</p> <p dir=""ltr"" style=""text-align: center;"">2</p> </td> <td style=""border-color: #000000; text-align: center;""> <p dir=""ltr"" style=""text-align: center;"">Severe</p> <p dir=""ltr"" style=""text-align: center;"">3</p> </td> </tr> <tr style=""height: 172.17px;""> <td style=""border-color: #000000;""><br><br> <p dir=""ltr"">Memory</p> </td> <td style=""border-color: #000000;""> <p dir=""ltr"">No memory loss or slight inconsistent forgetfulness</p> </td> <td style=""border-color: #000000;""> <p dir=""ltr"">Consistent slight forgetfulness; partial recollection of events; ""benign"" forgetfulness</p> </td> <td style=""border-color: #000000;""> <p dir=""ltr"">Moderate memory loss; more marked for recent events; defect interferes with everyday activities</p> </td> <td style=""border-color: #000000;""> <p dir=""ltr"">Severe memory loss; only highly learned material retained; new material rapidly lost</p> </td> <td style=""border-color: #000000;""> <p dir=""ltr"">Severe memory loss; only fragments remain</p> </td> </tr> <tr style=""height: 226.78px;""> <td style=""border-color: #000000;""><br><br> <p dir=""ltr"">Orientation</p> </td> <td style=""border-color: #000000;""> <p dir=""ltr"">Fully oriented</p> </td> <td style=""border-color: #000000;""> <p dir=""ltr"">Fully oriented except for slight difficulty with time relationships</p> </td> <td style=""border-color: #000000;""> <p dir=""ltr"">Moderate difficulty with time relationships; oriented for place at examination; may have geographic disorientation elsewhere</p> </td> <td style=""border-color: #000000;""> <p dir=""ltr"">Severe difficulty with time relationships; usually disoriented to time, often to place</p> </td> <td style=""border-color: #000000;""> <p dir=""ltr"">Oriented to person only</p> </td> </tr> <tr style=""height: 244.983px;""> <td style=""border-color: #000000;""><br><br> <p dir=""ltr"">Judgment & Problem Solving</p> </td> <td style=""border-color: #000000;""> <p dir=""ltr"">Solves everyday problems & handles business & financial affairs well; judgment good in relation to past performance</p> </td> <td style=""border-color: #000000;""> <p dir=""ltr"">Slight impairment in solving problems, similarities, and differences</p> </td> <td style=""border-color: #000000;""> <p dir=""ltr"">Moderate difficulty in handling problems, similarities, and differences; social judgment usually maintained</p> </td> <td style=""border-color: #000000;""> <p dir=""ltr"">Severely impaired in handling problems, similarities, and differences; social judgment usually impaired</p> </td> <td style=""border-color: #000000;""> <p dir=""ltr"">Unable to make judgments or solve problems</p> </td> </tr> <tr style=""height: 77.6042px;""> <td style=""border-color: #000000;"" rowspan=""2""><br><br> <p dir=""ltr"">Community Affairs</p> </td> <td style=""border-color: #000000;"" rowspan=""2""> <p dir=""ltr"">Independent function at usual level in job, shopping, volunteer and social groups</p> </td> <td style=""border-color: #000000;"" rowspan=""2""> <p dir=""ltr"">Slight impairment in these activities</p> </td> <td style=""border-color: #000000;"" rowspan=""2""> <p dir=""ltr"">Unable to function independently at these activities although may still be engaged in some; appears normal to casual inspection</p> </td> <td style=""border-color: #000000;"" colspan=""2""> <p dir=""ltr"">No pretense of independent function outside home</p> </td> </tr> <tr style=""height: 167.378px;""> <td style=""border-color: #000000;""> <p dir=""ltr"">Appears well enough to be taken to functions outside a family home</p> </td> <td style=""border-color: #000000;""> <p dir=""ltr"">Appears too ill to be taken to functions outside a family home</p> </td> </tr> <tr style=""height: 263.186px;""> <td style=""border-color: #000000;""><br><br> <p dir=""ltr"">Home and Hobbies</p> </td> <td style=""border-color: #000000;""> <p dir=""ltr"">Life at home, hobbies, and intellectual interests well maintained</p> </td> <td style=""border-color: #000000;""> <p dir=""ltr"">Life at home, hobbies, and intellectual interests slightly impaired</p> </td> <td style=""border-color: #000000;""> <p dir=""ltr"">Mild but definite impairment of function at home; more difficult chores abandoned; more complicated hobbies and interests abandoned</p> </td> <td style=""border-color: #000000;""> <p dir=""ltr"">Only simple chores preserved; very restricted interests, poorly maintained</p> </td> <td style=""border-color: #000000;""> <p dir=""ltr"">No significant function in home</p> </td> </tr> <tr style=""height: 153.967px;""> <td style=""border-color: #000000;""><br> <p dir=""ltr"">Personal Care</p> </td> <td style=""border-color: #000000;"" colspan=""2""> <p dir=""ltr"">Fully capable of self-care</p> </td> <td style=""border-color: #000000;""> <p dir=""ltr"">Needs prompting</p> </td> <td style=""border-color: #000000;""> <p dir=""ltr"">Requires assistance in dressing, hygiene, keeping of personal effects</p> </td> <td style=""border-color: #000000;""> <p dir=""ltr"">Requires much help with personal care; frequent incontinence</p> </td> </tr> </tbody> </table> </div> <p dir=""ltr"">Score only as decline from previous usual level due to cognitive loss, not impairment due to other factors.</p> <p> </p></div>",,,,,,,,,,,,,
