﻿"Variable / Field Name","Form Name","Section Header","Field Type","Field Label","Choices, Calculations, OR Slider Labels","Field Note","Text Validation Type OR Show Slider Number","Text Validation Min","Text Validation Max",Identifier?,"Branching Logic (Show field only if...)","Required Field?","Custom Alignment","Question Number (surveys only)","Matrix Group Name","Matrix Ranking?","Field Annotation"
participant_id_cdr_no,cdr_no_informant," ",text,"Participant ID:",,,,,,y,,,LV,,,,
cdr_no_examine,cdr_no_informant,,text,"Examiner Initials:",,,,,,y,,,LH,,,,
cdr_no_date,cdr_no_informant,,text,Date:,,YYYY-MM-DD,date_mdy,,,,,,LV,,,,
cdr_no_prior_interview,cdr_no_informant,,notes,"<div class=""rich-text-field-label""><p><strong>Examiner should introduce themselves and state the purpose of the examination.</strong></p> <p><strong id=""docs-internal-guid-f0cf66c0-7fff-de99-cbaf-a5771fcab7a1"">Prior to Interview (to be filled out by RAs):<br><br>Please note how the subject is dressed (dressed appropriately/clothes are tidy) and how the subject eats (cleanly/with utensils if appropriate) and anything else about their appearance/behavior here:</strong></p></div>",,,,,,y,,,LV,,,,
cdr_no_txt,cdr_no_informant," ",descriptive,"This is a semi-structured interview. Please ask all of these questions. Ask any additional questions necessary to determine the subject's CDR. Please note information from the additional questions.",,,,,,,,,,,,,
cdr_no_prob_think,cdr_no_informant,"<div class=""rich-text-field-label""><h5>Memory Questions:</h5></div>",yesno,"Do you have problems with memory or thinking?",,,,,,,,,LH,,,,
cdr_no_prob_think_a,cdr_no_informant,,yesno,"<div class=""rich-text-field-label""><p><strong id=""docs-internal-guid-5dfcd7ad-7fff-417d-7233-93db9fd7faa6"">If yes, is this a consistent problem (as opposed to inconsistent)?</strong></p></div>",,,,,,,"[cdr_no_prob_think] = '1'",,LH,,,,
cdr_no_mem_decline,cdr_no_informant,,yesno,"Has there been some decline in memory during the past year?",,,,,,,,,LH,,,,
cdr_no_mem_impair_adl,cdr_no_informant,,yesno,"Is your memory impaired to such a degree that it would have interfered with his/her activities of daily life a few years ago (or pre-retirement activities)?
",,,,,,,,,LH,,,,
cdr_no_forget_past_info,cdr_no_informant,,radio,"<div class=""rich-text-field-label""><p dir=""ltr"">Do you completely forget important information of the distant past (e.g., birthdate, wedding date, place of employment)?</p></div>","2, Usually | 1, Sometimes | 0, Rarely",,,,,,,,LH,,,,
cdr_no_nt_1,cdr_no_informant,,notes,Notes:,,,,,,y,,,LH,,,,
cdr_no_txt_1,cdr_no_informant,,descriptive,"Talk about social events such as gathering, outing, meeting with friends and relatives, or visit places like the market, food court, senior activity center, etc. Ask for details such as the location, date, time, and duration of events, how the subject got there, whom he/she met, what it was like, etc. If not applicable, can discuss current news/TV programs/magazine articles.

Within 1 week: 
{cdr_no_recent_evnt_wk}
Within 1 month:
{cdr_no_recent_evnt_month}",,,,,,,,,,,,,
cdr_no_recent_evnt_wk,cdr_no_informant,,notes,,,,,,,y,,,LH,,,,
cdr_no_recent_evnt_month,cdr_no_informant,,notes,,,,,,,y,,,LH,,,,
cdr_no_assess_behavior,cdr_no_informant,,notes,"Assess the behavior of the subject, that is whether he/she looks confused, irritated, depressed, and anxious or whether he/she pays attention to the interview, understands the conversation, and are acting appropriately.",,,,,,y,,,LH,,,,
cdr_no_john,cdr_no_informant,"I will give you a name and address to remember for a few minutes. Repeat this name and address after me: (Repeat until the phrase is correctly repeated or to a maximum of three trials).

(Check elements repeated correctly in each trial).",checkbox,John,"1, Trial 1 | 2, Trial 2 | 3, Trial 3",,,,,,,,,,cdr_no_adress_st,,
cdr_no_brown,cdr_no_informant,,checkbox,Brown,"1, Trial 1 | 2, Trial 2 | 3, Trial 3",,,,,,,,,,cdr_no_adress_st,,
cdr_no_42,cdr_no_informant,,checkbox,42,"1, Trial 1 | 2, Trial 2 | 3, Trial 3",,,,,,,,,,cdr_no_adress_st,,
cdr_no_marketst,cdr_no_informant,,checkbox,"Market Street.","1, Trial 1 | 2, Trial 2 | 3, Trial 3",,,,,,,,,,cdr_no_adress_st,,
cdr_no_chicago,cdr_no_informant,,checkbox,Chicago,"1, Trial 1 | 2, Trial 2 | 3, Trial 3",,,,,,,,,,cdr_no_adress_st,,
cdr_no_born_when,cdr_no_informant,,text,"When were you born?",,,,,,y,,,LH,,,,
cdr_no_born_where,cdr_no_informant,,text,"Where were you born? ",,,,,,y,,,LH,,,,
cdr_no_job_main,cdr_no_informant,,text,"What is/was your primary occupation?",,,,,,y,,,LH,,,,
cdr_no_live_where,cdr_no_informant,,text,"Where do you currently live?",,,,,,y,,,LH,,,,
cdr_no_drive_ever,cdr_no_informant,,yesno,"Did you ever drive a car?",,,,,,,,,LH,,,,
cdr_no_drive_ever_a,cdr_no_informant,,yesno,"Do you drive a car now?",,,,,,,"[cdr_no_drive_ever] = '1'",,LH,,,,
cdr_no_drive_ever_b,cdr_no_informant,,yesno,"If no, is this because of memory or thinking problems?",,,,,,,"[cdr_no_drive_ever_a] = '0'",,LH,,,,
cdr_no_drive_still_risks,cdr_no_informant,,yesno,"If you are still driving, are there problems or risks because of poor thinking?",,,,,,,"[cdr_no_drive_ever_a] = '1'",,LH,,,,
cdr_no_john_2,cdr_no_informant,"Repeat the name and address I asked you to remember:

(Check elements repeated correctly)",radio,John,"1, Correct",,,,,,,,,,cdr_no_adress_st_2,,
cdr_no_brown_2,cdr_no_informant,,radio,Brown,"1, Correct",,,,,,,,,,cdr_no_adress_st_2,,
cdr_no_42_2,cdr_no_informant,,radio,42,"1, Correct",,,,,,,,,,cdr_no_adress_st_2,,
cdr_no_marketst_2,cdr_no_informant,,radio,"Market Street","1, Correct",,,,,,,,,,cdr_no_adress_st_2,,
cdr_no_chicago_2,cdr_no_informant,,radio,Chicago,"1, Correct",,,,,,,,,,cdr_no_adress_st_2,,
cdr_no_nt_2,cdr_no_informant,,notes,Notes:,,,,,,y,,,LH,,,,
cdr_no_txt_3,cdr_no_informant,"<div class=""rich-text-field-label""><h5>Orientation Questions for Subject:</h5></div>",descriptive,"Record the subject's answer verbatim for each question.

What is the date today?

{cdr_no_today_dt}
{cdr_no_today_dt_sc}

What day of the week is it?

{cdr_no_day_wk}
{cdr_no_day_wk_sc}

What is the month?

{cdr_no_month}
{cdr_no_month_sc}

What is the year?

{cdr_no_yr}
{cdr_no_yr_sc}

What time is it?

{cdr_no_tm}
{cdr_no_tm_sc}

Who is the president of the United States?

{cdr_no_president}
{cdr_no_president_sc}

Who is the vice president of the United States?

{cdr_no_vicepresident}
{cdr_no_vicepresident_sc}

What is the season? 

{cdr_no_szn}
{cdr_no_szn_sc}

What are some holidays coming up?

{cdr_no_holiday}
{cdr_no_holiday_sc}

Where are you now? (home address if applicable)

{cdr_no_where_now}
{cdr_no_where_now_sc}",,,,,,,,,,,,,
cdr_no_today_dt,cdr_no_informant,,text,,,,,,,y,,,RH,,,,
cdr_no_today_dt_sc,cdr_no_informant,,radio,,"1, Correct | 0, Incorrect",,,,,,,,RH,,,,
cdr_no_day_wk,cdr_no_informant,,text,,,,,,,y,,,RH,,,,
cdr_no_day_wk_sc,cdr_no_informant,,radio,,"1, Correct | 0, Incorrect",,,,,,,,RH,,,,
cdr_no_month_sc,cdr_no_informant,,radio,,"1, Correct | 0, Incorrect",,,,,,,,RH,,,,
cdr_no_month,cdr_no_informant,,text,,,,,,,y,,,RH,,,,
cdr_no_yr_sc,cdr_no_informant,,radio,,"1, Correct | 0, Incorrect",,,,,,,,RH,,,,
cdr_no_yr,cdr_no_informant,,text,,,,,,,y,,,RH,,,,
cdr_no_tm_sc,cdr_no_informant,,radio,,"1, Correct | 0, Incorrect",,,,,,,,RH,,,,
cdr_no_tm,cdr_no_informant,,text,,,,,,,y,,,RH,,,,
cdr_no_president_sc,cdr_no_informant,,radio,,"1, Correct | 0, Incorrect",,,,,,,,RH,,,,
cdr_no_president,cdr_no_informant,,text,,,,,,,y,,,RH,,,,
cdr_no_vicepresident_sc,cdr_no_informant,,radio,,"1, Correct | 0, Incorrect",,,,,,,,RH,,,,
cdr_no_vicepresident,cdr_no_informant,,text,,,,,,,y,,,RH,,,,
cdr_no_szn_sc,cdr_no_informant,,radio,,"1, Correct | 0, Incorrect",,,,,,,,RH,,,,
cdr_no_szn,cdr_no_informant,,text,,,,,,,y,,,RH,,,,
cdr_no_holiday_sc,cdr_no_informant,,radio,,"1, Correct | 0, Incorrect",,,,,,,,RH,,,,
cdr_no_holiday,cdr_no_informant,,text,,,,,,,y,,,RH,,,,
cdr_no_where_now_sc,cdr_no_informant,,radio,,"1, Correct | 0, Incorrect",,,,,,,,RH,,,,
cdr_no_where_now,cdr_no_informant,,text,,,,,,,y,,,RH,,,,
cdr_no_nt_3,cdr_no_informant,,notes,Notes:,,,,,,y,,,LH,,,,
cdr_no_places_outside,cdr_no_informant,,notes,"Ask for places outside the neighborhood where he/she can go alone with public transportation and ask him/her to describe how he/she gets there. ",,,,,,y,,,LH,,,,
cdr_no_working_still,cdr_no_informant,"<div class=""rich-text-field-label""><h5>Community Affairs Questions for Subject:</h5> <h5> </h5> <h6>Occupational:</h6></div>",radio,"Are you still working?","1, Yes | 0, No | 9, N/A",,,,,,,,LV,,,,
cdr_no_retire_mem_prob,cdr_no_informant,,radio,"Did memory or thinking problems contribute to your decision to retire?","1, Yes | 0, No | 9, Don't Know",,,,,,"[cdr_no_working_still] = '0'",,LV,,,,
cdr_no_diff_job_mem_prob,cdr_no_informant,,radio,"Do you have significant difficulty in your job because of problems with memory or thinking?","2, Usually | 1, Sometimes | 0, Rarely | 9, Don't Know",,,,,,"[cdr_no_working_still] = '1'",,LV,,,,
cdr_no_shop_independent,cdr_no_informant,,radio,"Are you able to independently shop for needs?","0, Rarely or Never (Needs to be accompanied on any shopping trip) | 1, Sometimes (Shops for limited number of items; buys duplicate items or forgets needed items) | 2, Usually | 9, Don't know",,,,,,,,LV,,,,
cdr_no_nt_4,cdr_no_informant,,notes,"*Please add notes if needed to clarify subject's level of functioning in this area.",,,,,,y,,,LH,,,,
cdr_no_activity_outside,cdr_no_informant,,radio,"Are you able to independently carry out activities outside the home?","0, Rarely or Never (Generally unable to perform activities without help) | 1, Sometimes (Limited and/or routine, e.g., superficial participation in church or meetings; trips to beauty parlor) | 2, Usually (Meaningful participation in activities, e. g., voting) | 9, Don't know",,,,,,,,LV,,,,
cdr_no_nt_5,cdr_no_informant,,notes,Notes:,,,,,,y,,,LH,,,,
cdr_no_part_soc_func,cdr_no_informant,,yesno,"Do you participate in social functions outside of your home?",,,,,,,,,LV,,,,
cdr_no_part_soc_func_a,cdr_no_informant,,notes,"If no, why not?",,,,,,y,"[cdr_no_part_soc_func] = '0'",,LH,,,,
cdr_no_nurse_hm_soc_func,cdr_no_informant,,yesno,"If in nursing home, do you participate in social functions?",,,,,,,,,LV,,,,
cdr_no_nt_6,cdr_no_informant,,notes,"<div class=""rich-text-field-label""><p>IMPORTANT:</p> <p><br>If there is not enough information available to rate the subject's level of impairment in community affairs, <span style=""text-decoration: underline;"">please probe further.</span> Ask about the last time they went out/went to a social gathering etc.<br><br><span style=""text-decoration: underline;"">Community Affairs</span>: Such as going to church, visiting with friends or family, political activities, professional organizations such as bas association, other professional groups, social clubs, service organizations, educational programs.</p></div>",,,,,,y,,,LH,,,,
cdr_no_change_ablty_chr,cdr_no_informant,"<div class=""rich-text-field-label""><h5>Home and Hobbies Questions for Subject:</h5></div>",notes,"What changes have occurred in your abilities to perform household chores?",,,,,,y,,,LH,,,,
cdr_no_change_ablty_chr_a,cdr_no_informant,,notes,"What can you still do well?",,,,,,y,,,LH,,,,
cdr_no_change_ablty_hby,cdr_no_informant,,notes,"What changes have occurred in your abilities to perform hobbies?",,,,,,y,,,LH,,,,
cdr_no_change_ablty_hby_a,cdr_no_informant,,notes,"What can you still do well?",,,,,,y,,,LH,,,,
cdr_no_nurse_hm_not_do,cdr_no_informant,,notes,"If in nursing home, what can you no longer do well (H and H)?",,,,,,y,,,LH,,,,
cdr_no_able_prfrm_task,cdr_no_informant,"<div class=""rich-text-field-label""><h5>Everyday Activities (Blessed):</h5></div>",radio,"Ability to perform household tasks:","0, 0 - No loss | 0.5, 0.5 - Some Loss | 1, 1.0 - Severe Loss",,,,,,,,LV,,,,
cdr_no_able_prfrm_task_a,cdr_no_informant,,notes,"Please describe:",,,,,,y,"[cdr_no_able_prfrm_task] = '1' or [cdr_no_able_prfrm_task] = '0.5'",,LH,,,,
cdr_no_able_prfrm_lvl,cdr_no_informant,,radio,"Is he/she able to perform household chores at the level of: (Pick one. Subject does not need to be asked directly)","0, No meaningful function (Performs simple activities, such as making a bed, only with much supervision) | 1, Functions in limited activities only (With some supervision, washes dishes with acceptable cleanliness; sets table) | 2, Function independently in some activities (Operates appliances, such as vacuum cleaner; prepares simple meals) | 3, Functions in usual activities but not at usual level | 4, Normal function in usual activities",,,,,,,,LV,,,,
cdr_inf_nt_7,cdr_no_informant,,notes,"<div class=""rich-text-field-label""><p>IMPORTANT:<br><br>If there is not enough information available to rate the subject's level of impairment in home & hobbies, please probe further.<br><br><span style=""text-decoration: underline;"">Homemaking Tasks:</span> Such as cooking, laundry, cleaning, grocery shopping, taking out garbage, yard work, simple car maintenance, and basic home repair.<br><br><span style=""text-decoration: underline;"">Hobbies:</span> Sewing, painting, handicrafts, reading, entertaining, photography, gardening, going to theater or symphony, woodworking, participation in sports.</p></div>",,,,,,y,,,LH,,,,
cdr_no_txt_4,cdr_no_informant,"<div class=""rich-text-field-label""><h5>Judgment and Problem-Solving Questions for Subject:</h5> <p> </p> <p><strong id=""docs-internal-guid-de1a757f-7fff-b460-4d82-d08153531c2c"">Instructions: If initial response by subject does not merit a grade 0, press the matter to identify the subject's best understanding of the problem. Circle nearest response.</strong></p> <p> </p> <h6>Similarities:</h6></div>",descriptive,"<div class=""rich-text-field-label""><p>Example: ""How are a pencil and pen alike? (writing instruments)<br><br>How are these things alike?<br><br>turnip......cauliflower {cdr_no_sim_vegetables}<br>{cdr_no_sim_vegetables_sc} <br><br>desk......bookcase {cdr_no_sim_furniture}<br>{cdr_no_sim_furniture_sc}</p></div>",,,,,,,,,,,,,
cdr_no_sim_vegetables,cdr_no_informant,,text,,,,,,,y,,,LH,,,,
cdr_no_sim_vegetables_sc,cdr_no_informant,,radio,,"0, 0 - vegetables | 1, 1 - edible foods, living things, can be cooked, etc. | 2, 2 - answers not pertinent; differences; buy them",,,,,,,,LV,,,,
cdr_no_sim_furniture,cdr_no_informant,,text,,,,,,,y,,,LH,,,,
cdr_no_sim_furniture_sc,cdr_no_informant,,radio,,"0, 0 - furniture, office furniture; both hold books | 1, 1 - wooden, legs | 2, 2 - not pertinent, differences",,,,,,,,LV,,,,
cdr_no_txt_5,cdr_no_informant,"<div class=""rich-text-field-label""><h6>Differences:</h6></div>",descriptive,"Example: ""What is the difference between sugar and vinegar? (sweet vs. sour) What is the difference between these things?

lie......mistake     {cdr_no_diff_intent}
{cdr_no_diff_intent_sc}

river......canal     {cdr_no_diff_natural}
{cdr_no_diff_natural_sc}",,,,,,,,,,,,,
cdr_no_diff_intent,cdr_no_informant,,text,,,,,,,y,,,LH,,,,
cdr_no_diff_intent_sc,cdr_no_informant,,radio,,"0, 0 - one deliberate, one unintentional | 1, 1 - one bad the other good - or explains only one | 2, 2 - anything else, similarities)",,,,,,,,LV,,,,
cdr_no_diff_natural,cdr_no_informant,,text,,,,,,,y,,,LH,,,,
cdr_no_diff_natural_sc,cdr_no_informant,,radio,,"0, 0 - natural - artificial | 1, 1 - anything else",,,,,,,,LV,,,,
cdr_no_nt_7,cdr_no_informant,,notes,"<div class=""rich-text-field-label""><p>Notes:</p></div>",,,,,,y,,,LH,,,,
cdr_no_nickels,cdr_no_informant,"<div class=""rich-text-field-label""><h6>Calculations:</h6></div>",radio,"How many nickels in a dollar?","1, Correct | 0, Incorrect",,,,,,,,LH,,,,
cdr_no_quarters,cdr_no_informant,,radio,"How many quarters in $6.75?","1, Correct | 0, Incorrect",,,,,,,,LH,,,,
cdr_no_subtract,cdr_no_informant,,radio,"Subtract 3 from 20 and keep subtracting 3 from each new number all the way down.","1, Correct | 0, Incorrect",,,,,,,,LH,,,,
cdr_no_locate_friend,cdr_no_informant,"<div class=""rich-text-field-label""><h6>Judgment:</h6></div>",radio,"Upon arriving to a strange city, how would you locate a friend that you wished to see?","0, 0 - try the telephone book, go to the courthouse for a directory; call a mutual friend | 1, 1 - call the police; call operator will not usually give address | 2, 2 - no clear response",,,,,,,,LV,,,,
cdr_no_bill_payment_txt,cdr_no_informant,,descriptive,"You have two important bills to pay, one due immediately and the other next week. You realize that you don't have enough money to make both payments, but you are expecting some additional income within the next month. What would you do?

{cdr_no_bill_payment_nt}
{cdr_no_bill_payment_sc}",,,,,,,,,,,,,
cdr_no_bill_payment_nt,cdr_no_informant,,notes,,,,,,,y,,,LH,,,,
cdr_no_bill_payment_sc,cdr_no_informant,,radio,,"0, 0 - contacts one or both companies to make arrangements; utilizes savings | 0.5, 0.5 -  attempts to pay a portion of each bill without notifying either company; pays one bill and utilizes credit card for the other | 1, 1 - addresses one bill and/or is vague about how to handle the second bill; considers a loan; consults with others; vague reference to credit card (but does not reference paying one bill) | 2, 2 - unable to articulate active steps to resolve the dilemma; does not pay either bill; vague/unclear",,,,,,,,LV,,,,
cdr_no_med_risk_txt,cdr_no_informant,,descriptive,"You take a medication to reduce cholesterol, but a new study printed in your local newspaper suggests that this medication is linked to a higher risk of cancer. What would you do?

{cdr_no_med_risk_nt}
{cdr_no_med_risk_sc}",,,,,,,,,,,,,
cdr_no_med_risk_nt,cdr_no_informant,,notes,,,,,,,y,,,LH,,,,
cdr_no_med_risk_sc,cdr_no_informant,,radio,,"0, 0 - consults with medical professional without making a definitive decision to continue or discontinue the medication beforehand (s/he is open to professional feedback) | 0.5, 0.5 - does not consult with medical professional (continues on medication, stated or implied) with rationale/research; vague reference to investigating without seeking advice from medical professional | 1, 1 - intends to stop/change medication with reference to informing doctor; continues medication without any rationale/research; vague reference to changing medication | 2, 2 - references stopping medication without any consultation with doctor; vague/unclear",,,,,,,,LV,,,,
cdr_no_understanding,cdr_no_informant,,radio,"Subject's assessment of disability and station in life and understanding of why he/she is present at the examination (may have covered, but rate here):","1, Good insight | 2, Partial insight | 3, Little insight",,,,,,,,LV,,,,
cdr_no_understanding_nt,cdr_no_informant,,notes,"<div class=""rich-text-field-label""><p>Notes:</p></div>",,,,,,y,,,LH,,,,
cdr_no_recall_txt,cdr_no_informant,"<div class=""rich-text-field-label""><h5>CDR Call 2 (performed 1 week later):</h5></div>",descriptive,"Ask him/her to recall the name and institution of the interviewer and the purpose of the interview.

{cdr_no_recall_nt}",,,,,,y,,,,,,,
cdr_no_recall_nt,cdr_no_informant,,notes,,,,,,,y,,,LH,,,,
cdr_no_discuss_bfor_txt,cdr_no_informant,,descriptive,"Ask about the events and social activities that were discussed before.

{cdr_no_discuss_bfor_nt}
Within 1 week:
{cdr_no_discuss_wk_sc}
{cdr_no_discuss_wk}
Within 1 month:
{cdr_no_discuss_month_sc}
{cdr_no_discuss_month}",,,,,,y,,,,,,,
cdr_no_discuss_bfor_nt,cdr_no_informant,,notes,,,,,,,y,,,LH,,,,
cdr_no_discuss_wk,cdr_no_informant,,notes,,,,,,,y,,,LH,,,,
cdr_no_discuss_month,cdr_no_informant,,notes,,,,,,,y,,,LH,,,,
cdr_no_discuss_wk_sc,cdr_no_informant,,radio,,"1, 1 - Largely Correct | 0.5, 0.5 | 0, 0 - Largely Incorrect",,,,,,,,LV,,,,
cdr_no_discuss_month_sc,cdr_no_informant,,radio,,"1, 1 - Largely Correct | 0.5, 0.5 | 0, 0 - Largely Incorrect",,,,,,,,LV,,,,
cdr_no_memory_sc,cdr_no_informant,"<div class=""rich-text-field-label""><h6>Make final scoring call after Call 2.</h6></div>",radio,Memory,"0, 0 - No memory loss or slight inconsistent forgetfulness | 0.5, 0.5 - Consistent slight forgetfulness; partial recollection of events; ""benign"" forgetfulness | 1, 1 - Moderate memory loss; more marked for recent events; defect interferes with everyday activities | 2, 2 - Severe memory loss; only highly learned material retained; new material rapidly lost | 3, 3 - Severe memory loss; only fragments remain",,,,,,,,LV,,,,
cdr_no_orientation_sc,cdr_no_informant,,radio,Orientation,"0, 0 - Fully oriented | 0.5, 0.5 - Fully oriented except for slight difficulty with time relationships | 1, 1 - Moderate difficulty with time relationships; oriented for place at examination; may have geographic disorientation elsewhere | 2, 2 - Severe difficulty with time relationships; usually disoriented to time; often to place | 3, 3 - Orientation to person only",,,,,,,,LV,,,,
cdr_no_judgement_sc,cdr_no_informant,,radio,"Judgement & Problem Solving","0, 0 - Solves everyday problems & handles business & financial affairs well; judgement good in relation to past performance | 0.5, 0.5 - Slight impairment in solving problems, similarities, and differences | 1, 1 - Moderate difficulty in handling problems, similarities, and differences; social judgement usually maintained | 2, 2 - Severely impaired in handling problems, similarities, and differences; social judgement usually impaired | 3, 3 - Unable to make judgements or solve problems",,,,,,,,LV,,,,
cdr_no_community_sc,cdr_no_informant,,radio,"Community Affairs","0, 0 - Independent function at usual level in job, shopping, volunteer, and social groups | 0.5, 0.5 - Slight impairment in these activities | 1, 1 -Unable to function independently at these activities although may still be engaged in some; appears normal to casual inspection | 2, 2 - No pretense of independent function outside home. Appears well enough to be taken to functions outside a family home | 3, 3 - No pretense of independent function outside home. Appears too ill to be taken to functions outside a family home",,,,,,,,LV,,,,
cdr_no_hobbies_sc,cdr_no_informant,,radio,"Home and Hobbies","0, 0 - Life at home, hobbies, and intellectual interests maintained | 0.5, 0.5 - Life at home, hobbies, and intellectual interests slightly impaired | 1, 1 - Mild but definite impairment of function at home; more difficult chores abandoned; more complicated hobbies and interests abandoned | 2, 2 - Only simple chores preserved; very restricted interests; poorly maintained | 3, 3 - No significant function in home",,,,,,,,LV,,,,
cdr_no_care_sc,cdr_no_informant,,radio,"Personal Care","0, 0 -Full capable of self-care | 1, 1 - Needs prompting | 2, 2 - Requires assistance in dressing, hygiene, keeping of personal effects | 3, 3 -Requires much help with personal care; frequent incontinence",,,,,,,,LV,,,,
cdr_no_nt_8,cdr_no_informant,,notes,"Score only as decline from previous usual level due to cognitive loss, not impairment due to other factors.

CDR sum of boxes: {cdr_no_sum_boxes}

Notes:",,,,,,y,,,LH,,,,
cdr_no_sum_boxes,cdr_no_informant,,calc,,"sum([cdr_no_care_sc], [cdr_no_hobbies_sc], [cdr_no_community_sc], [cdr_no_judgement_sc], [cdr_no_orientation_sc], [cdr_no_memory_sc])",,,,,,,,LH,,,,
cdr_no_global_sc,cdr_no_informant,,radio,"<div class=""rich-text-field-label""><p>Clinical Dementia Rating (CDR) Global Score:<br><br>After completing the CDR interview and scoring the domain box scores (scores are auto populated below), go to the Washington University website on a separate device, enter each of the domain box scores, and press the ""Submit"" button.<br><br></p> <table style=""border-collapse: collapse; width: 99.9843%; height: 170.26px;"" border=""1""><colgroup><col style=""width: 50.0188%;""><col style=""width: 49.9514%;""></colgroup> <tbody> <tr style=""height: 24.3229px;""> <td style=""background-color: #c2e0f4;"" colspan=""2"">Domain Box Scores</td> </tr> <tr style=""height: 24.3229px;""> <td>Memory</td> <td>[cdr_no_memory_sc]</td> </tr> <tr style=""height: 24.3229px;""> <td>Orientation</td> <td>[cdr_no_orientation_sc]</td> </tr> <tr style=""height: 24.3229px;""> <td>Judgement and Problem Solving</td> <td>[cdr_no_judgement_sc]</td> </tr> <tr style=""height: 24.3229px;""> <td>Community Affairs</td> <td>[cdr_no_community_sc]</td> </tr> <tr style=""height: 24.3229px;""> <td>Home and Hobbies</td> <td>[cdr_no_hobbies_sc]</td> </tr> <tr style=""height: 24.3229px;""> <td>Personal Care</td> <td>[cdr_no_care_sc]</td> </tr> </tbody> </table> <p> </p> <p>Enter the CDR Global Score below:</p> <p>CDR Global Score:</p></div>","0, 0 | 0.5, 0.5 | 1, 1 | 2, 2 | 3, 3",,,,,,,,LV,,,,
cdr_no_file_up,cdr_no_informant,,file,"Upload Image:",,,,,,y,,,LH,,,,
cdr_no_rubric_txt,cdr_no_informant,,descriptive,"<div class=""rich-text-field-label""><h5 style=""text-align: center;"">CLINICAL DEMENTIA RATING (CDR)</h5> <h6 style=""text-align: center;""><strong> </strong></h6> <div dir=""ltr"" style=""text-align: center;""> <table style=""border-collapse: collapse; border-color: #000000; border-style: solid; margin-left: auto; margin-right: auto;"" border=""1""><colgroup><col width=""138""><col width=""96""><col width=""96""><col width=""96""><col width=""90""><col width=""96""></colgroup> <tbody> <tr> <td style=""text-align: center; border-color: #000000;""> <h6 dir=""ltr"">CLINICAL DEMENTIA RATING (CDR):</h6> </td> <td style=""text-align: center; border-color: #000000;""> <h6 dir=""ltr"">0</h6> </td> <td style=""text-align: center; border-color: #000000;""> <h6 dir=""ltr"">0.5</h6> </td> <td style=""text-align: center; border-color: #000000;""> <h6 dir=""ltr"">1</h6> </td> <td style=""text-align: center; border-color: #000000;""> <h6 dir=""ltr"">2</h6> </td> <td style=""border-color: #000000;""> <h6 dir=""ltr"" style=""text-align: center;"">3</h6> </td> </tr> </tbody> </table> </div> <p style=""text-align: center;""><strong> </strong></p> <div dir=""ltr""> <table style=""width: 60.7576%; height: 1423.77px; border-collapse: collapse; border-color: #000000; margin-left: auto; margin-right: auto;"" border=""1""><colgroup><col style=""width: 14.9145%;"" width=""134""><col style=""width: 16.6288%;"" width=""154""><col style=""width: 17.3145%;"" width=""154""><col style=""width: 18.0003%;"" width=""153""><col style=""width: 16.9717%;"" width=""154""><col style=""width: 16.286%;"" width=""153""></colgroup> <tbody> <tr style=""height: 44.7483px;""> <td style=""border-color: #000000; text-align: center;"" rowspan=""2""> </td> <td style=""background-color: #ced4d9; border-color: #000000; text-align: center;"" colspan=""5""> <p dir=""ltr"" style=""text-align: center;"">Impairment</p> </td> </tr> <tr style=""height: 72.9514px;""> <td style=""border-color: #000000; text-align: center;""> <p dir=""ltr"" style=""text-align: center;"">None</p> <p dir=""ltr"" style=""text-align: center;"">0</p> </td> <td style=""border-color: #000000; text-align: center;""> <p dir=""ltr"" style=""text-align: center;"">Questionable</p> <p dir=""ltr"" style=""text-align: center;"">0.5</p> </td> <td style=""border-color: #000000; text-align: center;""> <p dir=""ltr"" style=""text-align: center;"">Mild</p> <p dir=""ltr"" style=""text-align: center;"">1</p> </td> <td style=""border-color: #000000; text-align: center;""> <p dir=""ltr"" style=""text-align: center;"">Moderate</p> <p dir=""ltr"" style=""text-align: center;"">2</p> </td> <td style=""border-color: #000000; text-align: center;""> <p dir=""ltr"" style=""text-align: center;"">Severe</p> <p dir=""ltr"" style=""text-align: center;"">3</p> </td> </tr> <tr style=""height: 172.17px;""> <td style=""border-color: #000000;""><br><br> <p dir=""ltr"" style=""text-align: center;"">Memory</p> </td> <td style=""border-color: #000000;""> <p dir=""ltr"">No memory loss or slight inconsistent forgetfulness</p> </td> <td style=""border-color: #000000;""> <p dir=""ltr"">Consistent slight forgetfulness; partial recollection of events; ""benign"" forgetfulness</p> </td> <td style=""border-color: #000000;""> <p dir=""ltr"">Moderate memory loss; more marked for recent events; defect interferes with everyday activities</p> </td> <td style=""border-color: #000000;""> <p dir=""ltr"">Severe memory loss; only highly learned material retained; new material rapidly lost</p> </td> <td style=""border-color: #000000;""> <p dir=""ltr"">Severe memory loss; only fragments remain</p> </td> </tr> <tr style=""height: 226.78px;""> <td style=""border-color: #000000;""><br><br> <p dir=""ltr"" style=""text-align: center;"">Orientation</p> </td> <td style=""border-color: #000000;""> <p dir=""ltr"">Fully oriented</p> </td> <td style=""border-color: #000000;""> <p dir=""ltr"">Fully oriented except for slight difficulty with time relationships</p> </td> <td style=""border-color: #000000;""> <p dir=""ltr"">Moderate difficulty with time relationships; oriented for place at examination; may have geographic disorientation elsewhere</p> </td> <td style=""border-color: #000000;""> <p dir=""ltr"">Severe difficulty with time relationships; usually disoriented to time, often to place</p> </td> <td style=""border-color: #000000;""> <p dir=""ltr"">Oriented to person only</p> </td> </tr> <tr style=""height: 244.983px;""> <td style=""border-color: #000000;""><br><br> <p dir=""ltr"" style=""text-align: center;"">Judgment & Problem Solving</p> </td> <td style=""border-color: #000000;""> <p dir=""ltr"">Solves everyday problems & handles business & financial affairs well; judgment good in relation to past performance</p> </td> <td style=""border-color: #000000;""> <p dir=""ltr"">Slight impairment in solving problems, similarities, and differences</p> </td> <td style=""border-color: #000000;""> <p dir=""ltr"">Moderate difficulty in handling problems, similarities, and differences; social judgment usually maintained</p> </td> <td style=""border-color: #000000;""> <p dir=""ltr"">Severely impaired in handling problems, similarities, and differences; social judgment usually impaired</p> </td> <td style=""border-color: #000000;""> <p dir=""ltr"">Unable to make judgments or solve problems</p> </td> </tr> <tr style=""height: 77.6042px;""> <td style=""border-color: #000000;"" rowspan=""2""><br><br> <p dir=""ltr"" style=""text-align: center;"">Community Affairs</p> </td> <td style=""border-color: #000000;"" rowspan=""2""> <p dir=""ltr"">Independent function at usual level in job, shopping, volunteer and social groups</p> </td> <td style=""border-color: #000000;"" rowspan=""2""> <p dir=""ltr"">Slight impairment in these activities</p> </td> <td style=""border-color: #000000;"" rowspan=""2""> <p dir=""ltr"">Unable to function independently at these activities although may still be engaged in some; appears normal to casual inspection</p> </td> <td style=""border-color: #000000;"" colspan=""2""> <p dir=""ltr"" style=""text-align: center;"">No pretense of independent function outside home</p> </td> </tr> <tr style=""height: 167.378px;""> <td style=""border-color: #000000;""> <p dir=""ltr"">Appears well enough to be taken to functions outside a family home</p> </td> <td style=""border-color: #000000;""> <p dir=""ltr"">Appears too ill to be taken to functions outside a family home</p> </td> </tr> <tr style=""height: 263.186px;""> <td style=""border-color: #000000;""><br><br> <p dir=""ltr"" style=""text-align: center;"">Home and Hobbies</p> </td> <td style=""border-color: #000000;""> <p dir=""ltr"">Life at home, hobbies, and intellectual interests well maintained</p> </td> <td style=""border-color: #000000;""> <p dir=""ltr"">Life at home, hobbies, and intellectual interests slightly impaired</p> </td> <td style=""border-color: #000000;""> <p dir=""ltr"">Mild but definite impairment of function at home; more difficult chores abandoned; more complicated hobbies and interests abandoned</p> </td> <td style=""border-color: #000000;""> <p dir=""ltr"">Only simple chores preserved; very restricted interests, poorly maintained</p> </td> <td style=""border-color: #000000;""> <p dir=""ltr"">No significant function in home</p> </td> </tr> <tr style=""height: 153.967px;""> <td style=""border-color: #000000;""><br> <p dir=""ltr"" style=""text-align: center;"">Personal Care</p> </td> <td style=""border-color: #000000;"" colspan=""2""> <p dir=""ltr"" style=""text-align: center;"">Fully capable of self-care</p> </td> <td style=""border-color: #000000;""> <p dir=""ltr"">Needs prompting</p> </td> <td style=""border-color: #000000;""> <p dir=""ltr"">Requires assistance in dressing, hygiene, keeping of personal effects</p> </td> <td style=""border-color: #000000;""> <p dir=""ltr"">Requires much help with personal care; frequent incontinence</p> </td> </tr> </tbody> </table> </div> <p dir=""ltr"">Score only as decline from previous usual level due to cognitive loss, not impairment due to other factors.</p> <p> </p></div>",,,,,,,,,,,,,
