"Variable / Field Name","Form Name","Section Header","Field Type","Field Label","Choices, Calculations, OR Slider Labels","Field Note","Text Validation Type OR Show Slider Number","Text Validation Min","Text Validation Max",Identifier?,"Branching Logic (Show field only if...)","Required Field?","Custom Alignment","Question Number (surveys only)","Matrix Group Name","Matrix Ranking?","Field Annotation"
participant_id_p9,p9_feedback_questionnaire,,text,"Participant ID:",,,,,,y,,,LH,,,,
session_id_p9,p9_feedback_questionnaire,,text,"Session ID:",,,,,,y,,,LH,,,,
session_dt_p9,p9_feedback_questionnaire,,text,"Session Date:",,,date_mdy,,,,,,LH,,,,
p9_fdbck_ip_txt,p9_feedback_questionnaire,"<div class=""rich-text-field-label""><h5 style=""text-align: center;"">Feedback Questionnaire</h5></div>",descriptive,"<div class=""rich-text-field-label""><p>Thank you so much for your participation in our study. We appreciate your dedication in answering all of our questions and we'd like to get a sense of how you have felt about the study so far. Please select the response that best describes your answer.</p></div>",,,,,,,,,,,,,
p9_fdbck_ip_pos_exp,p9_feedback_questionnaire,"About the study overall:",radio,"Participating in the study was a positive experience.","1, Strongly Agree | 2, Agree | 3, Neither Agree nor Disagree | 4, Disagree | 5, Strongly Disagree",,,,,,,,,,p9_fdbck_ip_study_overall,,
p9_fdbck_ip_cont,p9_feedback_questionnaire,,radio,"I would like to continue as a participant in this study.","1, Strongly Agree | 2, Agree | 3, Neither Agree nor Disagree | 4, Disagree | 5, Strongly Disagree",,,,,,,,,,p9_fdbck_ip_study_overall,,
p9_fdbck_ip_learn,p9_feedback_questionnaire,,radio,"I learned something about myself during this study.","1, Strongly Agree | 2, Agree | 3, Neither Agree nor Disagree | 4, Disagree | 5, Strongly Disagree",,,,,,,,,,p9_fdbck_ip_study_overall,,
p9_fdbck_ip_consent,p9_feedback_questionnaire,,radio,"The consent form was clearly explained.","1, Strongly Agree | 2, Agree | 3, Neither Agree nor Disagree | 4, Disagree | 5, Strongly Disagree",,,,,,,,,,p9_fdbck_ip_study_overall,,
p9_fdbck_ip_welcome,p9_feedback_questionnaire,"In person visit:",radio,"When I arrived, I felt welcomed and comfortable.","1, Strongly Agree | 2, Agree | 3, Neither Agree nor Disagree | 4, Disagree | 5, Strongly Disagree",,,,,,,,,,p9_fdbck_ip_inperson,,
p9_fdbck_ip_polite,p9_feedback_questionnaire,,radio,"The staff member who conducted the memory and thinking tests was polite.","1, Strongly Agree | 2, Agree | 3, Neither Agree nor Disagree | 4, Disagree | 5, Strongly Disagree",,,,,,,,,,p9_fdbck_ip_inperson,,
p9_fdbck_ip_inform,p9_feedback_questionnaire,,radio,"The informed consent was explained and made sense.","1, Strongly Agree | 2, Agree | 3, Neither Agree nor Disagree | 4, Disagree | 5, Strongly Disagree",,,,,,,,,,p9_fdbck_ip_inperson,,
p9_fdbck_ip_interest,p9_feedback_questionnaire,,radio,"The memory and thinking tests were interesting.","1, Strongly Agree | 2, Agree | 3, Neither Agree nor Disagree | 4, Disagree | 5, Strongly Disagree",,,,,,,,,,p9_fdbck_ip_inperson,,
p9_fdbck_ip_applic,p9_feedback_questionnaire,,radio,"These tests were applicable to tasks I do in my daily life.","1, Strongly Agree | 2, Agree | 3, Neither Agree nor Disagree | 4, Disagree | 5, Strongly Disagree",,,,,,,,,,p9_fdbck_ip_inperson,,
p9_fdbck_ip_cog_reason,p9_feedback_questionnaire,,radio,"The time it took to complete the memory and thinking tests was reasonable.","1, Strongly Agree | 2, Agree | 3, Neither Agree nor Disagree | 4, Disagree | 5, Strongly Disagree",,,,,,,,,,p9_fdbck_ip_inperson,,
p9_fdbck_ip_understood,p9_feedback_questionnaire,,radio,"I understood the memory and thinking test instructions.","1, Strongly Agree | 2, Agree | 3, Neither Agree nor Disagree | 4, Disagree | 5, Strongly Disagree",,,,,,,,,,p9_fdbck_ip_inperson,,
p9_fdbck_ip_frustrate,p9_feedback_questionnaire,,radio,"At times I felt frustrated by the memory and thinking tests.","1, Strongly Agree | 2, Agree | 3, Neither Agree nor Disagree | 4, Disagree | 5, Strongly Disagree",,,,,,,,,,p9_fdbck_ip_inperson,,
p9_fdbck_ip_reason,p9_feedback_questionnaire,,radio,"Overall, the length of the entire visit was reasonable.","1, Strongly Agree | 2, Agree | 3, Neither Agree nor Disagree | 4, Disagree | 5, Strongly Disagree",,,,,,,,,,p9_fdbck_ip_inperson,,
p9_fdbck_ip_qstn_number,p9_feedback_questionnaire,Questionnaires:,radio,"I found the number of questionnaires to be reasonable.","1, Strongly Agree | 2, Agree | 3, Neither Agree nor Disagree | 4, Disagree | 5, Strongly Disagree",,,,,,,,,,p9_fdbck_ip_qstn,,
p9_fdbck_ip_qstn_length,p9_feedback_questionnaire,,radio,"I found the length of questionnaires to be reasonable.","1, Strongly Agree | 2, Agree | 3, Neither Agree nor Disagree | 4, Disagree | 5, Strongly Disagree",,,,,,,,,,p9_fdbck_ip_qstn,,
p9_fdbck_ip_qstn_enjoy,p9_feedback_questionnaire,,radio,"I enjoyed answering the questionnaire questions.","1, Strongly Agree | 2, Agree | 3, Neither Agree nor Disagree | 4, Disagree | 5, Strongly Disagree",,,,,,,,,,p9_fdbck_ip_qstn,,
p9_fdbck_ip_qstn_direct,p9_feedback_questionnaire,,radio,"I understood the directions on the various questionnaires.","1, Strongly Agree | 2, Agree | 3, Neither Agree nor Disagree | 4, Disagree | 5, Strongly Disagree",,,,,,,,,,p9_fdbck_ip_qstn,,
p9_fdbck_ip_qstn_response,p9_feedback_questionnaire,,radio,"I understood the response options on the various questionnaires.","1, Strongly Agree | 2, Agree | 3, Neither Agree nor Disagree | 4, Disagree | 5, Strongly Disagree",,,,,,,,,,p9_fdbck_ip_qstn,,
p9_fdbck_ip_change,p9_feedback_questionnaire," ",notes,"If there were things about the study you could change, what would they be?",,,,,,y,,,LH,,,,
p9_fdbck_ip_concerns,p9_feedback_questionnaire," ",notes,"If you have any remaining questions and/or concerns or would like to elaborate on any of your answers given above, please write them below. ",,,,,,y,,,LH,,,,
