﻿"Variable / Field Name","Form Name","Section Header","Field Type","Field Label","Choices, Calculations, OR Slider Labels","Field Note","Text Validation Type OR Show Slider Number","Text Validation Min","Text Validation Max",Identifier?,"Branching Logic (Show field only if...)","Required Field?","Custom Alignment","Question Number (surveys only)","Matrix Group Name","Matrix Ranking?","Field Annotation"
participant_id_r4,r4_uds_1,,text,"Participant ID:",,,,,,y,,,LH,,,,
session_id_r4,r4_uds_1,,text,"Session ID:",,,,,,y,,,LH,,,,
session_dt_r4,r4_uds_1,,text,"Session Date:",,,date_mdy,,,,,,LH,,,,
r4_moca_v2_txt,r4_uds_1,"<div class=""rich-text-field-label""><h5 style=""text-align: center;"">Montreal Cognitive Assessment (MoCA) - Version 2</h5></div>",descriptive,"<div class=""rich-text-field-label""><p>Upload Link: {r4_moca_v2_up}</p> <p> </p> <h6><em>Visuospatial/Executive: </em>[r4_moca_v2_vis_sc_tot]</h6> <table style=""border-collapse: collapse; width: 100.046%;"" border=""1""><colgroup><col style=""width: 50%;""><col style=""width: 50%;""></colgroup> <tbody> <tr> <td>Trails:</td> <td>{r4_moca_v2_vis_sc_trails}</td> </tr> <tr> <td>Chair:</td> <td>{r4_moca_v2_vis_sc_chair}</td> </tr> <tr> <td>Clock:</td> <td>{r4_moca_v2_vis_sc_clck}</td> </tr> <tr> <td>Clock Contour:</td> <td>{r4_moca_v2_vis_sc_clck_con}</td> </tr> <tr> <td>Clock Numbers</td> <td>{r4_moca_v2_vis_sc_clck_num}</td> </tr> <tr> <td>Clock Hands:</td> <td>{r4_moca_v2_vis_sc_clck_han}</td> </tr> </tbody> </table> <p> </p> <h6><em>Naming:</em> [r4_moca_v2_naming_sc]</h6> <table style=""border-collapse: collapse; width: 100.046%;"" border=""1""><colgroup><col style=""width: 50%;""><col style=""width: 50%;""></colgroup> <tbody> <tr> <td>Naming:</td> <td>{r4_moca_v2_naming_sc}</td> </tr> </tbody> </table> <p> </p> <h6><em>Attention:</em> [r4_moca_v2_attn_sc_tot]</h6> <table style=""border-collapse: collapse; width: 100.046%; height: 72.9688px;"" border=""1""><colgroup><col style=""width: 50%;""><col style=""width: 50%;""></colgroup> <tbody> <tr style=""height: 24.3229px;""> <td>Digits:</td> <td>{r4_moca_v2_attn_sc_dgts}</td> </tr> <tr style=""height: 24.3229px;""> <td>Letter A:</td> <td>{r4_moca_v2_attn_sc_let_a}</td> </tr> <tr style=""height: 24.3229px;""> <td>Serial 7s</td> <td>{r4_moca_v2_attn_sc_7s}</td> </tr> </tbody> </table> <p> </p> <h6><em>Language:</em> [r4_moca_v2_lang_sc_tot]</h6> <table style=""border-collapse: collapse; width: 100.046%;"" border=""1""><colgroup><col style=""width: 50%;""><col style=""width: 50%;""></colgroup> <tbody> <tr> <td>Repetition:</td> <td>{r4_moca_v2_lang_sc_rptn}</td> </tr> <tr> <td>Fluency:</td> <td>{r4_moca_v2_lang_sc_flu}</td> </tr> </tbody> </table> <p> </p> <h6><em>Abstraction:</em> [r4_moca_v2_abstract_sc]</h6> <table style=""border-collapse: collapse; width: 100.046%;"" border=""1""><colgroup><col style=""width: 50%;""><col style=""width: 50%;""></colgroup> <tbody> <tr> <td>Abstraction:</td> <td>{r4_moca_v2_abstract_sc}</td> </tr> </tbody> </table> <p> </p> <h6><em>Delayed Recall - No Cue:</em>  [r4_moca_v2_del_recall_sc]</h6> <table style=""border-collapse: collapse; width: 100.046%;"" border=""1""><colgroup><col style=""width: 50%;""><col style=""width: 50%;""></colgroup> <tbody> <tr> <td>Delayed Recall - No Cue:</td> <td>{r4_moca_v2_del_recall_sc}</td> </tr> </tbody> </table> <p> </p> <h6><em>Orientation:</em> [r4_moca_v2_ori_sc_tot]</h6> <table style=""border-collapse: collapse; width: 100.046%;"" border=""1""><colgroup><col style=""width: 50%;""><col style=""width: 50%;""></colgroup> <tbody> <tr> <td>Date:</td> <td>{r4_moca_v2_ori_sc_dt}</td> </tr> <tr> <td>Month:</td> <td>{r4_moca_v2_ori_sc_month}</td> </tr> <tr> <td>Year:</td> <td>{r4_moca_v2_ori_sc_yr}</td> </tr> <tr> <td>Day:</td> <td>{r4_moca_v2_ori_sc_day}</td> </tr> <tr> <td>Place:</td> <td>{r4_moca_v2_ori_sc_place}</td> </tr> <tr> <td>City:</td> <td>{r4_moca_v2_ori_sc_city}</td> </tr> </tbody> </table> <p> </p> <h6><em>Total Score:</em> {r4_moca_v2_sc_tot}</h6> <p> </p> <p> </p></div>",,,,,,,,,,,,,
r4_moca_v2_up,r4_uds_1,,file,,,,,,,y,,,LH,,,,
r4_moca_v2_vis_sc_trails,r4_uds_1,,radio,"<div class=""rich-text-field-label""></div>","0, 0 | 1, 1",,,,,,,,LH,,,,
r4_moca_v2_vis_sc_chair,r4_uds_1,,radio,"<div class=""rich-text-field-label""></div>","0, 0 | 1, 1",,,,,,,,LH,,,,
r4_moca_v2_vis_sc_clck,r4_uds_1,,radio,"<div class=""rich-text-field-label""></div>","0, 0 | 1, 1 | 2, 2 | 3, 3",,,,,,,,LH,,,,
r4_moca_v2_vis_sc_clck_con,r4_uds_1,,text,"<div class=""rich-text-field-label""></div>",,,integer,0,1,,,,LH,,,,
r4_moca_v2_vis_sc_clck_num,r4_uds_1,,text,"<div class=""rich-text-field-label""></div>",,,integer,0,1,,,,LH,,,,
r4_moca_v2_vis_sc_clck_han,r4_uds_1,,text,"<div class=""rich-text-field-label""></div>",,,integer,0,1,,,,LH,,,,
r4_moca_v2_vis_sc_tot,r4_uds_1,,calc,,"sum([r4_moca_v2_vis_sc_trails], [r4_moca_v2_vis_sc_chair], [r4_moca_v2_vis_sc_clck])",,,,,,,,LH,,,," @HIDDEN"
r4_moca_v2_naming_sc,r4_uds_1,,radio,,"0, 0 | 1, 1 | 2, 2 | 3, 3",,,,,,,,LH,,,,
r4_moca_v2_attn_sc_tot,r4_uds_1,,calc,,"sum([r4_moca_v2_attn_sc_dgts], [r4_moca_v2_attn_sc_let_a], [r4_moca_v2_attn_sc_7s])",,,,,,,,LH,,,," @HIDDEN"
r4_moca_v2_attn_sc_dgts,r4_uds_1,,radio,,"0, 0 | 1, 1 | 2, 2",,,,,,,,LH,,,,
r4_moca_v2_attn_sc_let_a,r4_uds_1,,radio,,"0, 0 | 1, 1",,,,,,,,LH,,,,
r4_moca_v2_attn_sc_7s,r4_uds_1,,radio,,"0, 0 | 1, 1 | 2, 2 | 3, 3",,,,,,,,LH,,,,
r4_moca_v2_lang_sc_tot,r4_uds_1,,calc,,"sum([r4_moca_v2_lang_sc_rptn], [r4_moca_v2_lang_sc_flu])",,,,,,,,LH,,,," @HIDDEN"
r4_moca_v2_lang_sc_rptn,r4_uds_1,,radio,,"0, 0 | 1, 1 | 2, 2",,,,,,,,LH,,,,
r4_moca_v2_lang_sc_flu,r4_uds_1,,radio,,"0, 0 | 1, 1",,,,,,,,LH,,,,
r4_moca_v2_abstract_sc,r4_uds_1,,radio,,"0, 0 | 1, 1 | 2, 2",,,,,,,,LH,,,,
r4_moca_v2_del_recall_sc,r4_uds_1,,radio,,"0, 0 | 1, 1 | 2, 2 | 3, 3 | 4, 4 | 5, 5",,,,,,,,LH,,,,
r4_moca_v2_ori_sc_tot,r4_uds_1,,calc,,"sum([r4_moca_v2_ori_sc_dt], [r4_moca_v2_ori_sc_month], [r4_moca_v2_ori_sc_yr], [r4_moca_v2_ori_sc_day], [r4_moca_v2_ori_sc_place], [r4_moca_v2_ori_sc_city])",,,,,,,,LH,,,," @HIDDEN"
r4_moca_v2_ori_sc_dt,r4_uds_1,,radio,,"0, 0 | 1, 1",,,,,,,,LH,,,,
r4_moca_v2_ori_sc_month,r4_uds_1,,radio,,"0, 0 | 1, 1",,,,,,,,LH,,,,
r4_moca_v2_ori_sc_yr,r4_uds_1,,radio,,"0, 0 | 1, 1",,,,,,,,LH,,,,
r4_moca_v2_ori_sc_day,r4_uds_1,,radio,,"0, 0 | 1, 1",,,,,,,,LH,,,,
r4_moca_v2_ori_sc_place,r4_uds_1,,radio,,"0, 0 | 1, 1",,,,,,,,LH,,,,
r4_moca_v2_ori_sc_city,r4_uds_1,,radio,,"0, 0 | 1, 1",,,,,,,,LH,,,,
r4_moca_v2_sc_tot,r4_uds_1,,calc,,"sum([r4_moca_v2_vis_sc_tot], [r4_moca_v2_naming_sc], [r4_moca_v2_attn_sc_tot], [r4_moca_v2_lang_sc_tot], [r4_moca_v2_abstract_sc], [r4_moca_v2_del_recall_sc], [r4_moca_v2_ori_sc_tot])",,,,,,,,LH,,,,
r4_moca_v2_alt_sc,r4_uds_1,,notes,"Alternate Score/Comments:",,,,,,y,,,LH,,,,
r4_cs21_i_txt,r4_uds_1,"<div class=""rich-text-field-label""><h5 dir=""ltr"" style=""text-align: center;"">Craft Story 21 Recall (Immediate)</h5></div>",descriptive,"<div class=""rich-text-field-label""><p>""I am going to read you a story. Listen carefully, and when I am through, I want you to tell me everything you can remember. Try to use the same words I use but you may also use your own words. The story is ...""</p> <p> </p> <h6><em>Maria's / child / Ricky / played / soccer / every / Monday / at 3:30. /</em></h6> <h6><br><em>He / liked / going / to the field / behind / their / house / and joining / the</em></h6> <h6> </h6> <h6><em>game. /</em></h6> <h6><br><em>One / day, / he / kicked / the ball / so / hard / that it / went / over / the</em></h6> <h6><br><em>neighbor's / fence / where three / large /dogs / lived. /</em></h6> <h6><br><em>The dogs' / owner / heard / loud / barking, / came / out, / and helped /</em></h6> <h6><br><em>them / retrieve / the ball.</em></h6> <p> </p> <p><em>""Now tell me the story I just told you. Try to remember as much as you can.""</em></p> <p> </p> <p><span style=""color: #3598db;"">Prompt (if necessary):<em> <span style=""color: #000000;"">""Anything else?""</span></em></span></p> <p> </p> <p style=""text-align: center;"">--- Participant Recalls Story ---</p> <p style=""text-align: center;""> </p> <p style=""text-align: left;""><span style=""color: #000000;"">Record participant's response:</span></p> <p style=""text-align: left;""><span style=""color: #000000;"">{r4_cs21_i_record}</span></p> <p style=""text-align: left;""> </p> <p style=""text-align: left;""><em><span style=""color: #000000;"">""Later on I will ask you to tell me this story again, so try not to forget it.""</span></em></p> <p style=""text-align: left;""> </p> <p>Record time administration ended: {r4_cs21_i_tm}</p></div>",,,,,,,,,,,,,
r4_cs21_i_tm,r4_uds_1,,text,"<div class=""rich-text-field-label""></div>",,,time,,,y,,,LH,,,,
r4_cs21_i_record,r4_uds_1,,notes,"<div class=""rich-text-field-label""></div>",,,,,,y,,,LH,,,,
r4_cs21_i_txt_1,r4_uds_1,,descriptive,"<div class=""rich-text-field-label""><h6>Verbatim Scoring:</h6> <div dir=""ltr""> <table style=""width: 99.0269%; height: 2050.79px; border-collapse: collapse; border-color: #000000; border-style: solid;"" border=""1""><colgroup><col style=""width: 64.8765%;"" width=""98""><col style=""width: 35.1242%;"" width=""50""></colgroup> <tbody> <tr style=""height: 62.1953px;""> <td style=""border-color: #000000;""> <p dir=""ltr"" style=""text-align: center;"">Item</p> </td> <td style=""border-color: #000000; text-align: center;"">Points</td> </tr> <tr style=""height: 45.1953px;""> <td style=""border-color: #000000;""> <p dir=""ltr""><span style=""font-weight: normal;"">Maria's</span></p> </td> <td style=""border-color: #000000;""><span style=""font-weight: normal;"">{r4_cs21_i_vb_sc_marias}</span></td> </tr> <tr style=""height: 45.1953px;""> <td style=""border-color: #000000;""> <p dir=""ltr""><span style=""font-weight: normal;"">child</span></p> </td> <td style=""border-color: #000000;""><span style=""font-weight: normal;"">{r4_cs21_i_vb_sc_child}</span></td> </tr> <tr style=""height: 45.1953px;""> <td style=""border-color: #000000;""> <p dir=""ltr""><span style=""font-weight: normal;"">Ricky</span></p> </td> <td style=""border-color: #000000;""><span style=""font-weight: normal;"">{r4_cs21_i_vb_sc_ricky}</span></td> </tr> <tr style=""height: 45.1953px;""> <td style=""border-color: #000000;""> <p dir=""ltr""><span style=""font-weight: normal;"">played</span></p> </td> <td style=""border-color: #000000;""><span style=""font-weight: normal;"">{r4_cs21_i_vb_sc_played}</span></td> </tr> <tr style=""height: 45.1953px;""> <td style=""border-color: #000000;""> <p dir=""ltr""><span style=""font-weight: normal;"">soccer</span></p> </td> <td style=""border-color: #000000;""><span style=""font-weight: normal;"">{r4_cs21_i_vb_sc_soccer}</span></td> </tr> <tr style=""height: 45.1953px;""> <td style=""border-color: #000000;""> <p dir=""ltr""><span style=""font-weight: normal;"">every</span></p> </td> <td style=""border-color: #000000;""><span style=""font-weight: normal;"">{r4_cs21_i_vb_sc_every}</span></td> </tr> <tr style=""height: 45.1953px;""> <td style=""border-color: #000000;""> <p dir=""ltr""><span style=""font-weight: normal;"">Monday</span></p> </td> <td style=""border-color: #000000;""><span style=""font-weight: normal;"">{r4_cs21_i_vb_sc_monday}</span></td> </tr> <tr style=""height: 45.1953px;""> <td style=""border-color: #000000;""> <p dir=""ltr""><span style=""font-weight: normal;"">three thirty</span></p> </td> <td style=""border-color: #000000;""><span style=""font-weight: normal;"">{r4_cs21_i_vb_sc_330}</span></td> </tr> <tr style=""height: 45.1953px;""> <td style=""border-color: #000000;""> <p dir=""ltr""><span style=""font-weight: normal;"">he</span></p> </td> <td style=""border-color: #000000;""><span style=""font-weight: normal;"">{r4_cs21_i_vb_sc_he}</span></td> </tr> <tr style=""height: 45.1953px;""> <td style=""border-color: #000000;""> <p dir=""ltr""><span style=""font-weight: normal;"">liked</span></p> </td> <td style=""border-color: #000000;""><span style=""font-weight: normal;"">{r4_cs21_i_vb_sc_liked}</span></td> </tr> <tr style=""height: 45.1953px;""> <td style=""border-color: #000000;""> <p dir=""ltr""><span style=""font-weight: normal;"">going</span></p> </td> <td style=""border-color: #000000;""><span style=""font-weight: normal;"">{r4_cs21_i_vb_sc_going}</span></td> </tr> <tr style=""height: 45.1953px;""> <td style=""border-color: #000000;""> <p dir=""ltr""><span style=""font-weight: normal;"">field</span></p> </td> <td style=""border-color: #000000;""><span style=""font-weight: normal;"">{r4_cs21_i_vb_sc_field}</span></td> </tr> <tr style=""height: 45.1953px;""> <td style=""border-color: #000000;""> <p dir=""ltr""><span style=""font-weight: normal;"">behind </span></p> </td> <td style=""border-color: #000000;""><span style=""font-weight: normal;"">{r4_cs21_i_vb_sc_behind}</span></td> </tr> <tr style=""height: 45.1953px;""> <td style=""border-color: #000000;""> <p dir=""ltr""><span style=""font-weight: normal;"">their</span></p> </td> <td style=""border-color: #000000;""><span style=""font-weight: normal;"">{r4_cs21_i_vb_sc_their}</span></td> </tr> <tr style=""height: 45.1953px;""> <td style=""border-color: #000000;""> <p dir=""ltr""><span style=""font-weight: normal;"">house</span></p> </td> <td style=""border-color: #000000;""><span style=""font-weight: normal;"">{r4_cs21_i_vb_sc_house}</span></td> </tr> <tr style=""height: 45.1953px;""> <td style=""border-color: #000000;""> <p dir=""ltr""><span style=""font-weight: normal;"">joining</span></p> </td> <td style=""border-color: #000000;""><span style=""font-weight: normal;"">{r4_cs21_i_vb_sc_joining}</span></td> </tr> <tr style=""height: 45.1953px;""> <td style=""border-color: #000000;""> <p dir=""ltr""><span style=""font-weight: normal;"">game</span></p> </td> <td style=""border-color: #000000;""><span style=""font-weight: normal;"">{r4_cs21_i_vb_sc_game}</span></td> </tr> <tr style=""height: 45.1953px;""> <td style=""border-color: #000000;""> <p dir=""ltr""><span style=""font-weight: normal;"">one</span></p> </td> <td style=""border-color: #000000;""><span style=""font-weight: normal;"">{r4_cs21_i_vb_sc_one}</span></td> </tr> <tr style=""height: 45.1953px;""> <td style=""border-color: #000000;""> <p dir=""ltr""><span style=""font-weight: normal;"">day</span></p> </td> <td style=""border-color: #000000;""><span style=""font-weight: normal;"">{r4_cs21_i_vb_sc_day}</span></td> </tr> <tr style=""height: 45.1953px;""> <td style=""border-color: #000000;""> <p dir=""ltr""><span style=""font-weight: normal;"">he</span></p> </td> <td style=""border-color: #000000;""><span style=""font-weight: normal;"">{r4_cs21_i_vb_sc_he_1}</span></td> </tr> <tr style=""height: 45.1953px;""> <td style=""border-color: #000000;""> <p dir=""ltr""><span style=""font-weight: normal;"">kicked</span></p> </td> <td style=""border-color: #000000;""><span style=""font-weight: normal;"">{r4_cs21_i_vb_sc_kicked}</span></td> </tr> <tr style=""height: 45.1953px;""> <td style=""border-color: #000000;""> <p dir=""ltr""><span style=""font-weight: normal;"">ball</span></p> </td> <td style=""border-color: #000000;""><span style=""font-weight: normal;"">{r4_cs21_i_vb_sc_ball}</span></td> </tr> <tr style=""height: 45.1953px;""> <td style=""border-color: #000000;""> <p dir=""ltr""><span style=""font-weight: normal;"">so </span></p> </td> <td style=""border-color: #000000;""><span style=""font-weight: normal;"">{r4_cs21_i_vb_sc_so}</span></td> </tr> <tr style=""height: 45.1953px;""> <td> <p dir=""ltr""><span style=""font-weight: normal;"">hard</span></p> </td> <td><span style=""font-weight: normal;"">{r4_cs21_i_vb_sc_hard}</span></td> </tr> <tr style=""height: 45.1953px;""> <td> <p dir=""ltr""><span style=""font-weight: normal;"">it</span></p> </td> <td><span style=""font-weight: normal;"">{r4_cs21_i_vb_sc_it}</span></td> </tr> <tr style=""height: 45.1953px;""> <td> <p dir=""ltr""><span style=""font-weight: normal;"">went</span></p> </td> <td><span style=""font-weight: normal;"">{r4_cs21_i_vb_sc_went}</span></td> </tr> <tr style=""height: 45.1953px;""> <td> <p dir=""ltr""><span style=""font-weight: normal;"">over</span></p> </td> <td><span style=""font-weight: normal;"">{r4_cs21_i_vb_sc_over}</span></td> </tr> <tr style=""height: 45.1953px;""> <td> <p dir=""ltr""><span style=""font-weight: normal;"">neighbor's</span></p> </td> <td><span style=""font-weight: normal;"">{r4_cs21_i_vb_sc_nghbr}</span></td> </tr> <tr style=""height: 45.1953px;""> <td> <p dir=""ltr""><span style=""font-weight: normal;"">fence</span></p> </td> <td><span style=""font-weight: normal;"">{r4_cs21_i_vb_sc_fence}</span></td> </tr> <tr style=""height: 45.1953px;""> <td> <p dir=""ltr""><span style=""font-weight: normal;"">three</span></p> </td> <td><span style=""font-weight: normal;"">{r4_cs21_i_vb_sc_three}</span></td> </tr> <tr style=""height: 45.1953px;""> <td> <p dir=""ltr""><span style=""font-weight: normal;"">large</span></p> </td> <td><span style=""font-weight: normal;"">{r4_cs21_i_vb_sc_large}</span></td> </tr> <tr style=""height: 45.1953px;""> <td> <p dir=""ltr""><span style=""font-weight: normal;"">dogs</span></p> </td> <td><span style=""font-weight: normal;"">{r4_cs21_i_vb_sc_dogs}</span></td> </tr> <tr style=""height: 45.1953px;""> <td> <p dir=""ltr""><span style=""font-weight: normal;"">lived</span></p> </td> <td><span style=""font-weight: normal;"">{r4_cs21_i_vb_sc_lived}</span></td> </tr> <tr style=""height: 45.1953px;""> <td> <p dir=""ltr""><span style=""font-weight: normal;"">dogs'</span></p> </td> <td><span style=""font-weight: normal;"">{r4_cs21_i_vb_sc_dogs_1}</span></td> </tr> <tr style=""height: 45.1953px;""> <td> <p dir=""ltr""><span style=""font-weight: normal;"">owner</span></p> </td> <td><span style=""font-weight: normal;"">{r4_cs21_i_vb_sc_owner}</span></td> </tr> <tr style=""height: 45.1953px;""> <td> <p dir=""ltr""><span style=""font-weight: normal;"">heard</span></p> </td> <td><span style=""font-weight: normal;"">{r4_cs21_i_vb_sc_heard}</span></td> </tr> <tr style=""height: 45.1953px;""> <td> <p dir=""ltr""><span style=""font-weight: normal;"">loud</span></p> </td> <td><span style=""font-weight: normal;"">{r4_cs21_i_vb_sc_loud}</span></td> </tr> <tr style=""height: 45.1953px;""> <td> <p dir=""ltr""><span style=""font-weight: normal;"">barking</span></p> </td> <td><span style=""font-weight: normal;"">{r4_cs21_i_vb_sc_barking}</span></td> </tr> <tr style=""height: 45.1953px;""> <td> <p dir=""ltr""><span style=""font-weight: normal;"">came</span></p> </td> <td><span style=""font-weight: normal;"">{r4_cs21_i_vb_sc_came}</span></td> </tr> <tr style=""height: 45.1953px;""> <td> <p dir=""ltr""><span style=""font-weight: normal;"">out</span></p> </td> <td><span style=""font-weight: normal;"">{r4_cs21_i_vb_sc_out}</span></td> </tr> <tr style=""height: 45.1953px;""> <td> <p dir=""ltr""><span style=""font-weight: normal;"">helped</span></p> </td> <td><span style=""font-weight: normal;"">{r4_cs21_i_vb_sc_helped}</span></td> </tr> <tr style=""height: 45.1953px;""> <td> <p dir=""ltr""><span style=""font-weight: normal;"">them</span></p> </td> <td><span style=""font-weight: normal;"">{r4_cs21_i_vb_sc_them}</span></td> </tr> <tr style=""height: 45.1953px;""> <td> <p dir=""ltr""><span style=""font-weight: normal;"">retrieve</span></p> </td> <td><span style=""font-weight: normal;"">{r4_cs21_i_vb_sc_retrieve}</span></td> </tr> <tr style=""height: 45.1953px;""> <td> <p dir=""ltr""><span style=""font-weight: normal;"">ball</span></p> </td> <td><span style=""font-weight: normal;"">{r4_cs21_i_vb_sc_ball_1}</span></td> </tr> </tbody> </table> </div> <p dir=""ltr""> </p></div>",,,,,,,,,,,,,
r4_cs21_i_vb_sc_marias,r4_uds_1,,radio,,"0, 0 | 1, 1",,,,,,,,,,r4_cs21_i_v_sc,,
r4_cs21_i_vb_sc_child,r4_uds_1,,radio,,"0, 0 | 1, 1",,,,,,,,,,r4_cs21_i_v_sc,,
r4_cs21_i_vb_sc_ricky,r4_uds_1,,radio,,"0, 0 | 1, 1",,,,,,,,,,r4_cs21_i_v_sc,,
r4_cs21_i_vb_sc_played,r4_uds_1,,radio,,"0, 0 | 1, 1",,,,,,,,,,r4_cs21_i_v_sc,,
r4_cs21_i_vb_sc_soccer,r4_uds_1,,radio,,"0, 0 | 1, 1",,,,,,,,,,r4_cs21_i_v_sc,,
r4_cs21_i_vb_sc_every,r4_uds_1,,radio,,"0, 0 | 1, 1",,,,,,,,,,r4_cs21_i_v_sc,,
r4_cs21_i_vb_sc_monday,r4_uds_1,,radio,,"0, 0 | 1, 1",,,,,,,,,,r4_cs21_i_v_sc,,
r4_cs21_i_vb_sc_330,r4_uds_1,,radio,,"0, 0 | 1, 1",,,,,,,,,,r4_cs21_i_v_sc,,
r4_cs21_i_vb_sc_he,r4_uds_1,,radio,,"0, 0 | 1, 1",,,,,,,,,,r4_cs21_i_v_sc,,
r4_cs21_i_vb_sc_liked,r4_uds_1,,radio,,"0, 0 | 1, 1",,,,,,,,,,r4_cs21_i_v_sc,,
r4_cs21_i_vb_sc_going,r4_uds_1,,radio,,"0, 0 | 1, 1",,,,,,,,,,r4_cs21_i_v_sc,,
r4_cs21_i_vb_sc_field,r4_uds_1,,radio,,"0, 0 | 1, 1",,,,,,,,,,r4_cs21_i_v_sc,,
r4_cs21_i_vb_sc_behind,r4_uds_1,,radio,,"0, 0 | 1, 1",,,,,,,,,,r4_cs21_i_v_sc,,
r4_cs21_i_vb_sc_their,r4_uds_1,,radio,,"0, 0 | 1, 1",,,,,,,,,,r4_cs21_i_v_sc,,
r4_cs21_i_vb_sc_house,r4_uds_1,,radio,,"0, 0 | 1, 1",,,,,,,,,,r4_cs21_i_v_sc,,
r4_cs21_i_vb_sc_joining,r4_uds_1,,radio,,"0, 0 | 1, 1",,,,,,,,,,r4_cs21_i_v_sc,,
r4_cs21_i_vb_sc_game,r4_uds_1,,radio,,"0, 0 | 1, 1",,,,,,,,,,r4_cs21_i_v_sc,,
r4_cs21_i_vb_sc_one,r4_uds_1,,radio,,"0, 0 | 1, 1",,,,,,,,,,r4_cs21_i_v_sc,,
r4_cs21_i_vb_sc_day,r4_uds_1,,radio,,"0, 0 | 1, 1",,,,,,,,,,r4_cs21_i_v_sc,,
r4_cs21_i_vb_sc_he_1,r4_uds_1,,radio,,"0, 0 | 1, 1",,,,,,,,,,r4_cs21_i_v_sc,,
r4_cs21_i_vb_sc_kicked,r4_uds_1,,radio,,"0, 0 | 1, 1",,,,,,,,,,r4_cs21_i_v_sc,,
r4_cs21_i_vb_sc_ball,r4_uds_1,,radio,,"0, 0 | 1, 1",,,,,,,,,,r4_cs21_i_v_sc,,
r4_cs21_i_vb_sc_so,r4_uds_1,,radio,,"0, 0 | 1, 1",,,,,,,,,,r4_cs21_i_v_sc,,
r4_cs21_i_vb_sc_hard,r4_uds_1,,radio,,"0, 0 | 1, 1",,,,,,,,,,r4_cs21_i_v_sc,,
r4_cs21_i_vb_sc_it,r4_uds_1,,radio,,"0, 0 | 1, 1",,,,,,,,,,r4_cs21_i_v_sc,,
r4_cs21_i_vb_sc_went,r4_uds_1,,radio,,"0, 0 | 1, 1",,,,,,,,,,r4_cs21_i_v_sc,,
r4_cs21_i_vb_sc_over,r4_uds_1,,radio,,"0, 0 | 1, 1",,,,,,,,,,r4_cs21_i_v_sc,,
r4_cs21_i_vb_sc_nghbr,r4_uds_1,,radio,,"0, 0 | 1, 1",,,,,,,,,,r4_cs21_i_v_sc,,
r4_cs21_i_vb_sc_fence,r4_uds_1,,radio,,"0, 0 | 1, 1",,,,,,,,,,r4_cs21_i_v_sc,,
r4_cs21_i_vb_sc_three,r4_uds_1,,radio,,"0, 0 | 1, 1",,,,,,,,,,r4_cs21_i_v_sc,,
r4_cs21_i_vb_sc_large,r4_uds_1,,radio,,"0, 0 | 1, 1",,,,,,,,,,r4_cs21_i_v_sc,,
r4_cs21_i_vb_sc_dogs,r4_uds_1,,radio,,"0, 0 | 1, 1",,,,,,,,,,r4_cs21_i_v_sc,,
r4_cs21_i_vb_sc_lived,r4_uds_1,,radio,,"0, 0 | 1, 1",,,,,,,,,,r4_cs21_i_v_sc,,
r4_cs21_i_vb_sc_dogs_1,r4_uds_1,,radio,,"0, 0 | 1, 1",,,,,,,,,,r4_cs21_i_v_sc,,
r4_cs21_i_vb_sc_owner,r4_uds_1,,radio,,"0, 0 | 1, 1",,,,,,,,,,r4_cs21_i_v_sc,,
r4_cs21_i_vb_sc_heard,r4_uds_1,,radio,,"0, 0 | 1, 1",,,,,,,,,,r4_cs21_i_v_sc,,
r4_cs21_i_vb_sc_loud,r4_uds_1,,radio,,"0, 0 | 1, 1",,,,,,,,,,r4_cs21_i_v_sc,,
r4_cs21_i_vb_sc_barking,r4_uds_1,,radio,,"0, 0 | 1, 1",,,,,,,,,,r4_cs21_i_v_sc,,
r4_cs21_i_vb_sc_came,r4_uds_1,,radio,,"0, 0 | 1, 1",,,,,,,,,,r4_cs21_i_v_sc,,
r4_cs21_i_vb_sc_out,r4_uds_1,,radio,,"0, 0 | 1, 1",,,,,,,,,,r4_cs21_i_v_sc,,
r4_cs21_i_vb_sc_helped,r4_uds_1,,radio,,"0, 0 | 1, 1",,,,,,,,,,r4_cs21_i_v_sc,,
r4_cs21_i_vb_sc_them,r4_uds_1,,radio,,"0, 0 | 1, 1",,,,,,,,,,r4_cs21_i_v_sc,,
r4_cs21_i_vb_sc_retrieve,r4_uds_1,,radio,,"0, 0 | 1, 1",,,,,,,,,,r4_cs21_i_v_sc,,
r4_cs21_i_vb_sc_ball_1,r4_uds_1,,radio,,"0, 0 | 1, 1",,,,,,,,,,r4_cs21_i_v_sc,,
r4_cs21_i_vb_sc_tot,r4_uds_1,,calc,"<div class=""rich-text-field-label""><p><strong id=""docs-internal-guid-0ae93f1f-7fff-d820-59a6-eedebb816150"">Total Verbatim Score:</strong></p></div>","sum([r4_cs21_i_vb_sc_marias], [r4_cs21_i_vb_sc_child], [r4_cs21_i_vb_sc_ricky], [r4_cs21_i_vb_sc_played], [r4_cs21_i_vb_sc_soccer], [r4_cs21_i_vb_sc_every], [r4_cs21_i_vb_sc_monday], [r4_cs21_i_vb_sc_330], [r4_cs21_i_vb_sc_he], [r4_cs21_i_vb_sc_liked], [r4_cs21_i_vb_sc_going], [r4_cs21_i_vb_sc_field], [r4_cs21_i_vb_sc_behind], [r4_cs21_i_vb_sc_their], [r4_cs21_i_vb_sc_house], [r4_cs21_i_vb_sc_joining], [r4_cs21_i_vb_sc_game], [r4_cs21_i_vb_sc_one], [r4_cs21_i_vb_sc_day], [r4_cs21_i_vb_sc_he_1], [r4_cs21_i_vb_sc_kicked], [r4_cs21_i_vb_sc_ball], [r4_cs21_i_vb_sc_so], [r4_cs21_i_vb_sc_hard], [r4_cs21_i_vb_sc_it], [r4_cs21_i_vb_sc_went], [r4_cs21_i_vb_sc_over], [r4_cs21_i_vb_sc_nghbr], [r4_cs21_i_vb_sc_fence], [r4_cs21_i_vb_sc_three], [r4_cs21_i_vb_sc_large], [r4_cs21_i_vb_sc_dogs], [r4_cs21_i_vb_sc_lived], [r4_cs21_i_vb_sc_dogs_1], [r4_cs21_i_vb_sc_owner], [r4_cs21_i_vb_sc_heard], [r4_cs21_i_vb_sc_loud], [r4_cs21_i_vb_sc_barking], [r4_cs21_i_vb_sc_came], [r4_cs21_i_vb_sc_out], [r4_cs21_i_vb_sc_helped], [r4_cs21_i_vb_sc_them], [r4_cs21_i_vb_sc_retrieve], [r4_cs21_i_vb_sc_ball_1])",,,,,,,,LV,,,,
r4_cs21_i_par_txt,r4_uds_1," ",descriptive,"<div class=""rich-text-field-label""><h6 dir=""ltr"">Paraphrase Scoring:</h6> <div dir=""ltr""> <table style=""border-collapse: collapse; border-color: #000000; border-style: solid; height: 1913px; width: 98.4281%;"" border=""1""><colgroup><col style=""width: 13.4534%;"" width=""103""><col style=""width: 21.851%;"" width=""167""><col style=""width: 25.6214%;"" width=""196""><col style=""width: 19.6231%;"" width=""150""><col style=""width: 19.5374%;"" width=""56""></colgroup> <tbody> <tr style=""height: 96px;""> <td style=""border-color: #000000;""> <p dir=""ltr"" style=""text-align: center;"">Item </p> </td> <td style=""border-color: #000000;""> <p dir=""ltr"" style=""text-align: center;"">General rule </p> </td> <td style=""border-color: #000000;""> <p dir=""ltr"" style=""text-align: center;"">Alternative 1-point responses</p> </td> <td style=""border-color: #000000;""> <p dir=""ltr"" style=""text-align: center;"">0-point responses</p> </td> <td style=""border-color: #000000;""> <p dir=""ltr"" style=""text-align: center;"">Points</p> </td> </tr> <tr style=""height: 56px;""> <td style=""border-color: #000000;""> <p dir=""ltr""><span style=""font-weight: normal;"">Maria's </span></p> </td> <td style=""border-color: #000000;""> <p dir=""ltr""><span style=""font-weight: normal;"">""Maria"" or a variant of the  name </span></p> </td> <td style=""border-color: #000000;""> <p dir=""ltr""><span style=""font-weight: normal;"">Mary, Marie </span></p> </td> <td style=""border-color: #000000;""> <p dir=""ltr""><span style=""font-weight: normal;"">Martha, Anna</span></p> </td> <td style=""border-color: #000000;""><span style=""font-weight: normal;"">{r4_cs21_i_par_sc_marias}</span></td> </tr> <tr style=""height: 79px;""> <td style=""border-color: #000000;""> <p dir=""ltr""><span style=""font-weight: normal;"">child </span></p> </td> <td style=""border-color: #000000;""> <p dir=""ltr""><span style=""font-weight: normal;"">""child"" or a phrase denoting  it was a young person </span></p> </td> <td style=""border-color: #000000;""> <p dir=""ltr""><span style=""font-weight: normal;"">son, kid, boy, teenager, young man</span></p> </td> <td style=""border-color: #000000;""> <p dir=""ltr""><span style=""font-weight: normal;"">guy, children, daughter</span></p> </td> <td style=""border-color: #000000;""><span style=""font-weight: normal;"">{r4_cs21_i_par_sc_child}</span></td> </tr> <tr style=""height: 56px;""> <td style=""border-color: #000000;""> <p dir=""ltr""><span style=""font-weight: normal;"">Ricky </span></p> </td> <td style=""border-color: #000000;""> <p dir=""ltr""><span style=""font-weight: normal;"">""Ricky"" or a variant of the  name</span></p> </td> <td style=""border-color: #000000;""> <p dir=""ltr""><span style=""font-weight: normal;"">Rick, Rich, Richie, Richard,  Ricardo </span></p> </td> <td style=""border-color: #000000;""> <p dir=""ltr""><span style=""font-weight: normal;"">Randy, Rusty, Robert</span></p> </td> <td style=""border-color: #000000;""><span style=""font-weight: normal;"">{r4_cs21_i_par_sc_ricky}</span></td> </tr> <tr style=""height: 56px;""> <td style=""border-color: #000000;""> <p dir=""ltr""><span style=""font-weight: normal;"">played </span></p> </td> <td style=""border-color: #000000;""> <p dir=""ltr""><span style=""font-weight: normal;"">""played"" is required </span></p> </td> <td style=""border-color: #000000;""> <p dir=""ltr""><span style=""font-weight: normal;"">to play, plays </span></p> </td> <td style=""border-color: #000000;""> <p dir=""ltr""><span style=""font-weight: normal;"">did (soccer)</span></p> </td> <td style=""border-color: #000000;""><span style=""font-weight: normal;"">{r4_cs21_i_par_sc_played}</span></td> </tr> <tr style=""height: 56px;""> <td style=""border-color: #000000;""> <p dir=""ltr""><span style=""font-weight: normal;"">soccer </span></p> </td> <td style=""border-color: #000000;""> <p dir=""ltr""><span style=""font-weight: normal;"">""soccer"" is required </span></p> </td> <td style=""border-color: #000000;""> <p dir=""ltr""><span style=""font-weight: normal;"">futbol </span></p> </td> <td style=""border-color: #000000;""> <p dir=""ltr""><span style=""font-weight: normal;"">baseball, volleyball, other  sport</span></p> </td> <td style=""border-color: #000000;""><span style=""font-weight: normal;"">{r4_cs21_i_par_sc_soccer}</span></td> </tr> <tr style=""height: 79px;""> <td style=""border-color: #000000;""> <p dir=""ltr""><span style=""font-weight: normal;"">every Monday </span></p> </td> <td style=""border-color: #000000;""> <p dir=""ltr""><span style=""font-weight: normal;"">""Monday"" or an indication  that it occurred on a weekday </span></p> </td> <td style=""border-color: #000000;""> <p dir=""ltr""><span style=""font-weight: normal;"">- </span></p> </td> <td style=""border-color: #000000;""> <p dir=""ltr""><span style=""font-weight: normal;"">every day, another day of  the week</span></p> </td> <td style=""border-color: #000000;""><span style=""font-weight: normal;"">{r4_cs21_i_par_sc_monday}</span></td> </tr> <tr style=""height: 79px;""> <td style=""border-color: #000000;""> <p dir=""ltr""><span style=""font-weight: normal;"">at 3:30 </span></p> </td> <td style=""border-color: #000000;""> <p dir=""ltr""><span style=""font-weight: normal;"">an indication that the activity  took place in the afternoon </span></p> </td> <td style=""border-color: #000000;""> <p dir=""ltr""><span style=""font-weight: normal;"">after school, every afternoon </span></p> </td> <td style=""border-color: #000000;""> <p dir=""ltr""><span style=""font-weight: normal;"">after dinner, at night, in  the morning</span></p> </td> <td style=""border-color: #000000;""><span style=""font-weight: normal;"">{r4_cs21_i_par_sc_330}</span></td> </tr> <tr style=""height: 79px;""> <td style=""border-color: #000000;""> <p dir=""ltr""><span style=""font-weight: normal;"">He liked going to  the field</span></p> </td> <td style=""border-color: #000000;""> <p dir=""ltr""><span style=""font-weight: normal;"">an indication that he went to  an outdoor area</span></p> </td> <td style=""border-color: #000000;""> <p dir=""ltr""><span style=""font-weight: normal;"">went outside, went to the yard,  going to the backyard </span></p> </td> <td style=""border-color: #000000;""> <p dir=""ltr""><span style=""font-weight: normal;"">went to the school, gym</span></p> </td> <td style=""border-color: #000000;""><span style=""font-weight: normal;"">{r4_cs21_i_par_sc_field}</span></td> </tr> <tr style=""height: 92px;""> <td style=""border-color: #000000;""> <p dir=""ltr""><span style=""font-weight: normal;"">behind their  </span></p> <p dir=""ltr""><span style=""font-weight: normal;"">house</span></p> </td> <td style=""border-color: #000000;""> <p dir=""ltr""><span style=""font-weight: normal;"">""house"" or word denoting a  house </span></p> </td> <td style=""border-color: #000000;""> <p dir=""ltr""><span style=""font-weight: normal;"">home, residence, where they lived</span></p> </td> <td style=""border-color: #000000;""> <p dir=""ltr""><span style=""font-weight: normal;"">any other building</span></p> </td> <td style=""border-color: #000000;""><span style=""font-weight: normal;"">{r4_cs21_i_par_sc_house}</span></td> </tr> <tr style=""height: 92px;""> <td style=""border-color: #000000;""> <p dir=""ltr""><span style=""font-weight: normal;"">and joining </span></p> </td> <td style=""border-color: #000000;""> <p dir=""ltr""><span style=""font-weight: normal;"">an indication that he  </span></p> <p dir=""ltr""><span style=""font-weight: normal;"">participated in a game</span></p> </td> <td style=""border-color: #000000;""> <p dir=""ltr""><span style=""font-weight: normal;"">played w/ other kids, became part  of the team, playing w/ the team</span></p> </td> <td style=""border-color: #000000;""> <p dir=""ltr""><span style=""font-weight: normal;"">watching, played in the  park</span></p> </td> <td style=""border-color: #000000;""><span style=""font-weight: normal;"">{r4_cs21_i_par_sc_joining}</span></td> </tr> <tr style=""height: 56px;""> <td style=""border-color: #000000;""> <p dir=""ltr""><span style=""font-weight: normal;"">the game. </span></p> </td> <td style=""border-color: #000000;""> <p dir=""ltr""><span style=""font-weight: normal;"">""game"" in any context</span></p> </td> <td style=""border-color: #000000;""> <p dir=""ltr""><span style=""font-weight: normal;"">- </span></p> </td> <td style=""border-color: #000000;""> <p dir=""ltr""><span style=""font-weight: normal;"">-</span></p> </td> <td style=""border-color: #000000;""><span style=""font-weight: normal;"">{r4_cs21_i_par_sc_game}</span></td> </tr> <tr style=""height: 56px;""> <td style=""border-color: #000000;""> <p dir=""ltr""><span style=""font-weight: normal;"">One day </span></p> </td> <td style=""border-color: #000000;""> <p dir=""ltr""><span style=""font-weight: normal;"">""One day"" is required</span></p> </td> <td style=""border-color: #000000;""> <p dir=""ltr""><span style=""font-weight: normal;"">- </span></p> </td> <td style=""border-color: #000000;""> <p dir=""ltr""><span style=""font-weight: normal;"">-</span></p> </td> <td style=""border-color: #000000;""><span style=""font-weight: normal;"">{r4_cs21_i_par_sc_day}</span></td> </tr> <tr style=""height: 92px;""> <td style=""border-color: #000000;""> <p dir=""ltr""><span style=""font-weight: normal;"">he kicked </span></p> </td> <td style=""border-color: #000000;""> <p dir=""ltr""><span style=""font-weight: normal;"">indication that he performed  the activity with his foot </span></p> </td> <td style=""border-color: #000000;""> <p dir=""ltr""><span style=""font-weight: normal;"">booted, punted </span></p> </td> <td style=""border-color: #000000;""> <p dir=""ltr""><span style=""font-weight: normal;"">threw, hit (with no  </span></p> <p dir=""ltr""><span style=""font-weight: normal;"">mention of the foot)</span></p> </td> <td style=""border-color: #000000;""><span style=""font-weight: normal;"">{r4_cs21_i_par_sc_kicked}</span></td> </tr> <tr style=""height: 56px;""> <td style=""border-color: #000000;""> <p dir=""ltr""><span style=""font-weight: normal;"">the ball </span></p> </td> <td style=""border-color: #000000;""> <p dir=""ltr""><span style=""font-weight: normal;"">""Ball"" is required </span></p> </td> <td style=""border-color: #000000;""> <p dir=""ltr""><span style=""font-weight: normal;"">football, soccer ball </span></p> </td> <td style=""border-color: #000000;""> <p dir=""ltr""><span style=""font-weight: normal;"">baseball, volleyball</span></p> </td> <td style=""border-color: #000000;""><span style=""font-weight: normal;"">{r4_cs21_i_par_sc_ball}</span></td> </tr> <tr style=""height: 56px;""> <td style=""border-color: #000000;""> <p dir=""ltr""><span style=""font-weight: normal;"">so hard </span></p> </td> <td style=""border-color: #000000;""> <p dir=""ltr""><span style=""font-weight: normal;"">an indication that force was  used</span></p> </td> <td style=""border-color: #000000;""> <p dir=""ltr""><span style=""font-weight: normal;"">so much force, so strongly, (kicked  it) so far </span></p> </td> <td style=""border-color: #000000;""> <p dir=""ltr""><span style=""font-weight: normal;"">-</span></p> </td> <td style=""border-color: #000000;""><span style=""font-weight: normal;"">{r4_cs21_i_par_sc_hard}</span></td> </tr> <tr style=""height: 56px;""> <td style=""border-color: #000000;""> <p dir=""ltr""><span style=""font-weight: normal;"">that it went over </span></p> </td> <td style=""border-color: #000000;""> <p dir=""ltr""><span style=""font-weight: normal;"">""Over"" is required </span></p> </td> <td style=""border-color: #000000;""> <p dir=""ltr""><span style=""font-weight: normal;"">- </span></p> </td> <td style=""border-color: #000000;""> <p dir=""ltr""><span style=""font-weight: normal;"">-</span></p> </td> <td style=""border-color: #000000;""><span style=""font-weight: normal;"">{r4_cs21_i_par_sc_over}</span></td> </tr> <tr style=""height: 79px;""> <td style=""border-color: #000000;""> <p dir=""ltr""><span style=""font-weight: normal;"">the neighbor's </span></p> </td> <td style=""border-color: #000000;""> <p dir=""ltr""><span style=""font-weight: normal;"">an indication that the person  lived in the same area </span></p> </td> <td style=""border-color: #000000;""> <p dir=""ltr""><span style=""font-weight: normal;"">nearby resident </span></p> </td> <td style=""border-color: #000000;""> <p dir=""ltr""><span style=""font-weight: normal;"">friend's</span></p> </td> <td style=""border-color: #000000;""><span style=""font-weight: normal;"">{r4_cs21_i_par_sc_nghbr}</span></td> </tr> <tr style=""height: 79px;""> <td style=""border-color: #000000;""> <p dir=""ltr""><span style=""font-weight: normal;"">fence </span></p> </td> <td style=""border-color: #000000;""> <p dir=""ltr""><span style=""font-weight: normal;"">""fence"" or a word denoting a  fence of some kind </span></p> </td> <td style=""border-color: #000000;""> <p dir=""ltr""><span style=""font-weight: normal;"">garden wall, wall </span></p> </td> <td style=""border-color: #000000;""> <p dir=""ltr""><span style=""font-weight: normal;"">property line, street</span></p> </td> <td style=""border-color: #000000;""><span style=""font-weight: normal;"">{r4_cs21_i_par_sc_fence}</span></td> </tr> <tr style=""height: 56px;""> <td style=""border-color: #000000;""> <p dir=""ltr""><span style=""font-weight: normal;"">where three </span></p> </td> <td style=""border-color: #000000;""> <p dir=""ltr""><span style=""font-weight: normal;"">""Three"" is required </span></p> </td> <td style=""border-color: #000000;""> <p dir=""ltr""><span style=""font-weight: normal;"">three (boys) </span></p> </td> <td style=""border-color: #000000;""> <p dir=""ltr""><span style=""font-weight: normal;"">-</span></p> </td> <td style=""border-color: #000000;""><span style=""font-weight: normal;"">{r4_cs21_i_par_sc_three}</span></td> </tr> <tr style=""height: 79px;""> <td style=""border-color: #000000;""> <p dir=""ltr""><span style=""font-weight: normal;"">large dogs lived. </span></p> </td> <td style=""border-color: #000000;""> <p dir=""ltr""><span style=""font-weight: normal;"">an indication that there were  dogs present </span></p> </td> <td style=""border-color: #000000;""> <p dir=""ltr""><span style=""font-weight: normal;"">hounds, doggies </span></p> </td> <td style=""border-color: #000000;""> <p dir=""ltr""><span style=""font-weight: normal;"">puppies, cats, kittens,  other animals</span></p> </td> <td style=""border-color: #000000;""><span style=""font-weight: normal;"">{r4_cs21_i_par_sc_lived}</span></td> </tr> <tr style=""height: 79px;""> <td style=""border-color: #000000;""> <p dir=""ltr""><span style=""font-weight: normal;"">The dogs' owner </span></p> </td> <td style=""border-color: #000000;""> <p dir=""ltr""><span style=""font-weight: normal;"">an indication that the person  was responsible for the dogs</span></p> </td> <td style=""border-color: #000000;""> <p dir=""ltr""><span style=""font-weight: normal;"">neighbor (if owner implied and  ""neighbor"" mentioned twice) </span></p> </td> <td style=""border-color: #000000;""> <p dir=""ltr""><span style=""font-weight: normal;"">a bystander, the police</span></p> </td> <td style=""border-color: #000000;""><span style=""font-weight: normal;"">{r4_cs21_i_par_sc_owner}</span></td> </tr> <tr style=""height: 92px;""> <td style=""border-color: #000000;""> <p dir=""ltr""><span style=""font-weight: normal;"">heard loud  </span></p> <p dir=""ltr""><span style=""font-weight: normal;"">barking</span></p> </td> <td style=""border-color: #000000;""> <p dir=""ltr""><span style=""font-weight: normal;"">an indication that the dogs  were making noise</span></p> </td> <td style=""border-color: #000000;""> <p dir=""ltr""><span style=""font-weight: normal;"">yelping, baying, yapping, heard the  dogs</span></p> </td> <td style=""border-color: #000000;""> <p dir=""ltr""><span style=""font-weight: normal;"">saw the dogs running  around</span></p> </td> <td style=""border-color: #000000;""><span style=""font-weight: normal;"">{r4_cs21_i_par_sc_barking}</span></td> </tr> <tr style=""height: 79px;""> <td style=""border-color: #000000;""> <p dir=""ltr""><span style=""font-weight: normal;"">came out </span></p> </td> <td style=""border-color: #000000;""> <p dir=""ltr""><span style=""font-weight: normal;"">a word or phrase indicating  that the owner was present </span></p> </td> <td style=""border-color: #000000;""> <p dir=""ltr""><span style=""font-weight: normal;"">(owner) saw the ball </span></p> </td> <td style=""border-color: #000000;""> <p dir=""ltr""><span style=""font-weight: normal;"">his mother came out, the  dogs came out</span></p> </td> <td style=""border-color: #000000;""><span style=""font-weight: normal;"">{r4_cs21_i_par_sc_out}</span></td> </tr> <tr style=""height: 79px;""> <td style=""border-color: #000000;""> <p dir=""ltr""><span style=""font-weight: normal;"">and helped them </span></p> </td> <td style=""border-color: #000000;""> <p dir=""ltr""><span style=""font-weight: normal;"">a word or phrase indicating  that help was provided </span></p> </td> <td style=""border-color: #000000;""> <p dir=""ltr""><span style=""font-weight: normal;"">assisted, aided, had to help</span></p> </td> <td style=""border-color: #000000;""> <p dir=""ltr""><span style=""font-weight: normal;"">-</span></p> </td> <td style=""border-color: #000000;""><span style=""font-weight: normal;"">{r4_cs21_i_par_sc_them}</span></td> </tr> <tr style=""height: 99px;""> <td style=""border-color: #000000;""> <p dir=""ltr""><span style=""font-weight: normal;"">retrieve the ball. </span></p> </td> <td style=""border-color: #000000;""> <p dir=""ltr""><span style=""font-weight: normal;"">an indication that they got  the ball back</span></p> </td> <td style=""border-color: #000000;""> <p dir=""ltr""><span style=""font-weight: normal;"">gave him the ball, return the ball,  (helped him) get the ball -</span></p> </td> <td style=""border-color: #000000;""> </td> <td style=""border-color: #000000;""><span style=""font-weight: normal;"">{r4_cs21_i_par_sc_ball_1}</span></td> </tr> </tbody> </table> </div> <p> </p></div>",,,,,,,,,,,,,
r4_cs21_i_par_sc_marias,r4_uds_1,,radio,,"0, 0 | 1, 1",,,,,,,,,,r4_cs21_i_par_sc,,
r4_cs21_i_par_sc_child,r4_uds_1,,radio,,"0, 0 | 1, 1",,,,,,,,,,r4_cs21_i_par_sc,,
r4_cs21_i_par_sc_ricky,r4_uds_1,,radio,,"0, 0 | 1, 1",,,,,,,,,,r4_cs21_i_par_sc,,
r4_cs21_i_par_sc_played,r4_uds_1,,radio,,"0, 0 | 1, 1",,,,,,,,,,r4_cs21_i_par_sc,,
r4_cs21_i_par_sc_soccer,r4_uds_1,,radio,,"0, 0 | 1, 1",,,,,,,,,,r4_cs21_i_par_sc,,
r4_cs21_i_par_sc_monday,r4_uds_1,,radio,,"0, 0 | 1, 1",,,,,,,,,,r4_cs21_i_par_sc,,
r4_cs21_i_par_sc_330,r4_uds_1,,radio,,"0, 0 | 1, 1",,,,,,,,,,r4_cs21_i_par_sc,,
r4_cs21_i_par_sc_field,r4_uds_1,,radio,,"0, 0 | 1, 1",,,,,,,,,,r4_cs21_i_par_sc,,
r4_cs21_i_par_sc_house,r4_uds_1,,radio,,"0, 0 | 1, 1",,,,,,,,,,r4_cs21_i_par_sc,,
r4_cs21_i_par_sc_joining,r4_uds_1,,radio,,"0, 0 | 1, 1",,,,,,,,,,r4_cs21_i_par_sc,,
r4_cs21_i_par_sc_game,r4_uds_1,,radio,,"0, 0 | 1, 1",,,,,,,,,,r4_cs21_i_par_sc,,
r4_cs21_i_par_sc_day,r4_uds_1,,radio,,"0, 0 | 1, 1",,,,,,,,,,r4_cs21_i_par_sc,,
r4_cs21_i_par_sc_kicked,r4_uds_1,,radio,,"0, 0 | 1, 1",,,,,,,,,,r4_cs21_i_par_sc,,
r4_cs21_i_par_sc_ball,r4_uds_1,,radio,,"0, 0 | 1, 1",,,,,,,,,,r4_cs21_i_par_sc,,
r4_cs21_i_par_sc_hard,r4_uds_1,,radio,,"0, 0 | 1, 1",,,,,,,,,,r4_cs21_i_par_sc,,
r4_cs21_i_par_sc_over,r4_uds_1,,radio,,"0, 0 | 1, 1",,,,,,,,,,r4_cs21_i_par_sc,,
r4_cs21_i_par_sc_nghbr,r4_uds_1,,radio,,"0, 0 | 1, 1",,,,,,,,,,r4_cs21_i_par_sc,,
r4_cs21_i_par_sc_fence,r4_uds_1,,radio,,"0, 0 | 1, 1",,,,,,,,,,r4_cs21_i_par_sc,,
r4_cs21_i_par_sc_three,r4_uds_1,,radio,,"0, 0 | 1, 1",,,,,,,,,,r4_cs21_i_par_sc,,
r4_cs21_i_par_sc_lived,r4_uds_1,,radio,,"0, 0 | 1, 1",,,,,,,,,,r4_cs21_i_par_sc,,
r4_cs21_i_par_sc_owner,r4_uds_1,,radio,,"0, 0 | 1, 1",,,,,,,,,,r4_cs21_i_par_sc,,
r4_cs21_i_par_sc_barking,r4_uds_1,,radio,,"0, 0 | 1, 1",,,,,,,,,,r4_cs21_i_par_sc,,
r4_cs21_i_par_sc_out,r4_uds_1,,radio,,"0, 0 | 1, 1",,,,,,,,,,r4_cs21_i_par_sc,,
r4_cs21_i_par_sc_them,r4_uds_1,,radio,,"0, 0 | 1, 1",,,,,,,,,,r4_cs21_i_par_sc,,
r4_cs21_i_par_sc_ball_1,r4_uds_1,,radio,,"0, 0 | 1, 1",,,,,,,,,,r4_cs21_i_par_sc,,
r4_cs21_i_par_sc_tot,r4_uds_1,,calc,"<div class=""rich-text-field-label""><p><strong id=""docs-internal-guid-0ae93f1f-7fff-d820-59a6-eedebb816150"">Total Paraphrase Score:</strong></p></div>","sum([r4_cs21_i_par_sc_marias], [r4_cs21_i_par_sc_child], [r4_cs21_i_par_sc_ricky], [r4_cs21_i_par_sc_played], [r4_cs21_i_par_sc_soccer], [r4_cs21_i_par_sc_monday], [r4_cs21_i_par_sc_330], [r4_cs21_i_par_sc_field], [r4_cs21_i_par_sc_house], [r4_cs21_i_par_sc_joining], [r4_cs21_i_par_sc_game],[r4_cs21_i_par_sc_day], [r4_cs21_i_par_sc_kicked], [r4_cs21_i_par_sc_ball], [r4_cs21_i_par_sc_hard], [r4_cs21_i_par_sc_over], [r4_cs21_i_par_sc_nghbr], [r4_cs21_i_par_sc_fence], [r4_cs21_i_par_sc_three], [r4_cs21_i_par_sc_lived], [r4_cs21_i_par_sc_owner], [r4_cs21_i_par_sc_barking], [r4_cs21_i_par_sc_out], [r4_cs21_i_par_sc_them], [r4_cs21_i_par_sc_ball_1])",,,,,,,,LV,,,,
r4_cs21_i_alt_sc,r4_uds_1,,notes,"Alternate Score/Comments:",,,,,,y,,,LH,,,,
