"Variable / Field Name","Form Name","Section Header","Field Type","Field Label","Choices, Calculations, OR Slider Labels","Field Note","Text Validation Type OR Show Slider Number","Text Validation Min","Text Validation Max",Identifier?,"Branching Logic (Show field only if...)","Required Field?","Custom Alignment","Question Number (surveys only)","Matrix Group Name","Matrix Ranking?","Field Annotation"
participant_id_r1,r1_consent,,text,"Participant ID:",,,,,,y,,,LH,,,,
session_id_r1,r1_consent,,text,"Session ID:",,,,,,y,,,LH,,,,
session_dt_r1,r1_consent,,text,Date:,,,date_mdy,,,,,,LH,,,,
r1_consent_visit,r1_consent,"<div class=""rich-text-field-label""><h5 style=""text-align: center;"">Informed Consent</h5></div>",yesno,"Is this participant's 1st visit?",,,,,,,,,LH,,,,
r1_consent_format,r1_consent,,radio,"Visit #1 Format:","1, In Person | 2, Remote",,,,,,,,LH,,,,
r1_consent_mode,r1_consent,,radio,"Mode of Consent:","1, Written | 2, Oral",,,,,,,,LH,,,,
r1_consent_txt,r1_consent,"<div class=""rich-text-field-label""><h5 style=""text-align: center;"">Participant Consent</h5></div>",descriptive,"<div class=""rich-text-field-label""><p>Do you consent to?</p> <ol> <li><span style=""font-weight: normal;"">Allow access to your Montefiore EHR data {r1_consent_ehr}</span></li> <li><span style=""font-weight: normal;"">Have your blood collected for routine testing and immune functioning {r1_consent_blood_func}</span></li> <li><span style=""font-weight: normal;"">Have your blood used for genetic testing {r1_consent_blood_gene}</span></li> <li><span style=""font-weight: normal;"">Have your specimen and information about you used for other studies {r1_consent_used}</span></li> <li><span style=""font-weight: normal;"">Being contacted in the future about:</span></li> </ol> <p style=""padding-left: 40px;""><span style=""font-weight: normal;"">a. New research protocols you may wish to join {r1_consent_contact_new}</span></p> <p style=""padding-left: 40px;""><span style=""font-weight: normal;"">b. General information about research findings {r1_consent_contact_find}</span></p> <p><span style=""font-weight: normal;""><strong id=""docs-internal-guid-a51a5eb2-7fff-fb02-764e-552c4da82193"">Participate in R-CARE's Study {r1_consent_rcare}</strong></span></p> <p><strong><span style=""font-weight: normal;"">Participant's Name: {r1_consent_nm}</span></strong></p></div>",,,,,,,,,,,,,
r1_consent_ehr,r1_consent,,yesno,,,,,,,,,,LH,,,,
r1_consent_blood_func,r1_consent,,yesno,,,,,,,,,,LH,,,,
r1_consent_blood_gene,r1_consent,,yesno,,,,,,,,,,LH,,,,
r1_consent_used,r1_consent,,yesno,,,,,,,,,,LH,,,,
r1_consent_contact_new,r1_consent,,yesno,,,,,,,,,,LH,,,,
r1_consent_contact_find,r1_consent,,yesno,,,,,,,,,,LH,,,,
r1_consent_rcare,r1_consent,,yesno,,,,,,,,,,LH,,,,
r1_consent_nm,r1_consent,,text,,,,,,,y,,,LH,,,,
